Ticker,Name,Sector,Industry,Industry Group,Market Cap,Last Reported Fiscal Year,Debt / Equity,Debt / Equity FQ-1,Debt / Equity FQ-2,Debt / Equity FQ-3,Debt / Equity FQ-4,Debt / Equity FQ-5,Debt / Equity FQ-6,Debt / Equity FQ-7,Debt / Equity FQ-8,Debt / Equity FQ-9,Debt / Equity FQ-10,Debt / Equity FQ-11,Debt / Equity FQ-12
1989,Pine Care Group Limited,Healthcare,Healthcare Providers & Services,Healthcare Equipment & Services,103.5 M,2023,466.6%,466.6%,446.5%,446.5%,423.4%,423.4%,339.2%,339.2%,335.0%,335.0%,345.0%,345.0%,346.7%
367,Chuang's Consortium International Limited,Real Estate,Real Estate Management & Development,Real Estate,138.5 M,2023,54.8%,54.8%,51.3%,51.3%,59.3%,59.3%,63.7%,63.7%,61.1%,61.1%,64.5%,64.5%,64.0%
213,National Electronics Holdings Limited,Consumer Discretionary,"Textiles, Apparel & Luxury Goods",Consumer Durables & Apparel,111.3 M,2023,187.7%,187.7%,179.7%,179.7%,171.1%,171.1%,162.0%,162.0%,185.1%,185.1%,169.2%,169.2%,165.5%
57,Chen Hsong Holdings Limited,Industrials,Machinery,Capital Goods,147 M,2023,0.2%,0.2%,0.9%,0.9%,0.8%,0.8%,2.4%,2.4%,3.6%,3.6%,3.8%,3.8%,3.0%
129,Asia Standard International Group Limited,Real Estate,Real Estate Management & Development,Real Estate,107.6 M,2023,122.3%,122.3%,108.5%,108.5%,107.1%,107.1%,80.1%,80.1%,86.8%,86.8%,100.8%,100.8%,80.8%
160,"Hon Kwok Land Investment Company, Limited",Real Estate,Real Estate Management & Development,Real Estate,194.6 M,2023,49.6%,49.6%,45.4%,45.4%,45.1%,45.1%,47.8%,47.8%,50.3%,50.3%,52.0%,52.0%,43.4%
335,Upbest Group Limited,Financials,Consumer Finance,Diversified Financials,205 M,2023,8.3%,8.3%,8.6%,8.6%,9.4%,9.4%,9.9%,9.9%,10.4%,10.4%,10.8%,10.8%,11.2%
29,Dynamic Holdings Limited,Real Estate,Real Estate Management & Development,Real Estate,301.9 M,2023,3.5%,3.5%,4.5%,4.5%,4.4%,4.4%,4.7%,4.7%,4.9%,4.9%,5.1%,5.1%,4.7%
186,Nimble Holdings Company Limited,Consumer Discretionary,Distributors,Retailing,188.9 M,2023,"1,286.2%","1,286.2%","1,900.0%","1,900.0%","1,197.2%","1,197.2%","1,061.2%","1,061.2%",56.2%,56.2%,47.7%,47.7%,0.7%
896,Hanison Construction Holdings Limited,Industrials,Construction & Engineering,Capital Goods,158.4 M,2023,40.0%,40.0%,42.7%,42.7%,58.1%,58.1%,77.1%,77.1%,69.4%,69.4%,42.8%,42.8%,23.6%
179,Johnson Electric Holdings Limited,Consumer Discretionary,Auto Components,Automobiles & Components,1.056 B,2023,24.7%,24.7%,25.6%,25.6%,28.0%,28.0%,21.3%,21.3%,24.7%,24.7%,26.0%,26.0%,22.4%
398,Oriental Watch Holdings Limited,Consumer Discretionary,Specialty Retail,Retailing,265.7 M,2023,22.2%,22.2%,23.1%,23.1%,21.6%,21.6%,18.5%,18.5%,19.2%,19.2%,15.0%,15.0%,19.1%
25,Chevalier International Holdings Limited,Industrials,Industrial Conglomerates,Capital Goods,271.2 M,2023,42.1%,42.1%,41.3%,41.3%,41.4%,41.4%,38.1%,38.1%,38.0%,38.0%,39.7%,39.7%,40.7%
149,China Agri-Products Exchange Limited,Real Estate,Real Estate Management & Development,Real Estate,105.2 M,2023,85.8%,85.8%,78.0%,78.0%,82.8%,82.8%,77.2%,77.2%,156.7%,156.7%,NA,NA,NA
131,Cheuk Nang (Holdings) Limited,Real Estate,Real Estate Management & Development,Real Estate,174.6 M,2023,19.7%,19.7%,19.0%,19.0%,18.1%,18.1%,18.0%,18.0%,19.3%,19.3%,25.7%,25.7%,25.0%
1660,Zhaobangji Properties Holdings Limited,Industrials,Trading Companies & Distributors,Capital Goods,236.8 M,2023,7.1%,7.1%,8.3%,8.3%,5.8%,5.8%,8.0%,8.0%,12.7%,12.7%,24.4%,24.4%,25.8%
303,Vtech Holdings Limited,Information Technology,Communications Equipment,Technology Hardware & Equipment,1.503 B,2023,46.6%,46.6%,29.0%,29.0%,38.2%,38.2%,28.2%,28.2%,24.7%,24.7%,27.5%,27.5%,24.2%
374,Four Seas Mercantile Holdings Limited,Consumer Staples,Food Products,"Food, Beverage & Tobacco",130.2 M,2023,103.7%,103.7%,99.0%,99.0%,111.2%,111.2%,108.8%,108.8%,134.1%,134.1%,91.4%,91.4%,87.4%
53,Guoco Group Limited,Industrials,Industrial Conglomerates,Capital Goods,2.85 B,2023,76.8%,76.8%,79.1%,79.1%,85.4%,85.4%,76.8%,76.8%,79.8%,79.8%,81.2%,81.2%,81.0%
391,Mei Ah Entertainment Group Limited,Communication Services,Entertainment,Media,200 M,2023,64.8%,64.8%,71.6%,71.6%,66.9%,66.9%,65.4%,65.4%,61.8%,61.8%,54.9%,54.9%,45.4%
1709,DL Holdings Group Limited,Financials,Capital Markets,Diversified Financials,495.2 M,2023,33.9%,33.9%,39.5%,39.5%,43.0%,43.0%,9.3%,9.3%,3.6%,3.6%,6.8%,6.8%,7.4%
1104,APAC Resources Limited,Industrials,Trading Companies & Distributors,Capital Goods,177.5 M,2023,5.9%,5.9%,7.2%,7.2%,2.8%,2.8%,0.1%,0.1%,0.1%,0.1%,0.1%,0.1%,0.2%
247,Tsim Sha Tsui Properties Limited,Real Estate,Real Estate Management & Development,Real Estate,5.729 B,2023,7.5%,7.5%,7.8%,7.8%,7.7%,7.7%,11.0%,11.0%,11.7%,11.7%,11.7%,11.7%,10.6%
677,Golden Resources Development International Limited,Consumer Staples,Food & Staples Retailing,Food & Staples Retailing,278.9 M,2023,33.6%,33.6%,32.5%,32.5%,33.6%,33.6%,25.0%,25.0%,23.1%,23.1%,25.8%,25.8%,25.2%
202,EverChina Int'l Holdings Company Limited,Real Estate,Real Estate Management & Development,Real Estate,161.7 M,2023,52.9%,52.9%,49.3%,49.3%,48.8%,48.8%,47.9%,47.9%,45.3%,45.3%,42.1%,42.1%,39.5%
989,Hua Yin International Holdings Limited,Real Estate,Real Estate Management & Development,Real Estate,385.4 M,2023,248.0%,248.0%,-418.4%,-418.4%,-400.0%,-400.0%,-374.6%,-374.6%,-133.7%,-133.7%,-147.2%,-147.2%,182.2%
105,Associated International Hotels Limited,Real Estate,Real Estate Management & Development,Real Estate,429.7 M,2023,2.5%,2.5%,2.1%,2.1%,2.0%,2.0%,1.9%,1.9%,1.7%,1.7%,1.6%,1.6%,1.5%
411,Lam Soon (Hong Kong) Limited,Consumer Staples,Food Products,"Food, Beverage & Tobacco",294.5 M,2023,0.2%,0.2%,0.1%,0.1%,0.2%,0.2%,0.2%,0.2%,0.3%,0.3%,0.2%,0.2%,0.2%
26,"China Motor Bus Company, Limited",Real Estate,Real Estate Management & Development,Real Estate,441.5 M,2023,0.0%,0.0%,0.0%,0.0%,0.0%,0.0%,0.0%,0.0%,0.0%,0.0%,0.0%,0.0%,0.0%
1140,Wealthking Investments Limited,Financials,Capital Markets,Diversified Financials,495.9 M,2023,14.9%,14.9%,33.9%,33.9%,9.0%,9.0%,12.8%,12.8%,7.5%,7.5%,14.3%,14.3%,8.1%
113,Dickson Concepts (International) Limited,Consumer Discretionary,Specialty Retail,Retailing,201.9 M,2023,54.7%,54.7%,59.3%,59.3%,61.6%,61.6%,50.5%,50.5%,62.8%,62.8%,71.1%,71.1%,66.9%
1125,Lai Fung Holdings Limited,Real Estate,Real Estate Management & Development,Real Estate,111.8 M,2023,75.7%,75.7%,81.8%,81.8%,75.5%,75.5%,75.2%,75.2%,72.9%,72.9%,72.3%,72.3%,66.3%
266,Tian Teck Land Limited,Real Estate,Real Estate Management & Development,Real Estate,238.9 M,2023,4.5%,4.5%,4.0%,4.0%,3.7%,3.7%,3.6%,3.6%,3.3%,3.3%,3.1%,3.1%,2.9%
224,Pioneer Global Group Limited,Real Estate,Real Estate Management & Development,Real Estate,148.5 M,2023,30.6%,30.6%,30.2%,30.2%,30.5%,30.5%,30.9%,30.9%,32.5%,32.5%,32.5%,32.5%,31.8%
277,Tern Properties Company Limited,Real Estate,Real Estate Management & Development,Real Estate,135.2 M,2023,1.8%,1.8%,1.9%,1.9%,5.5%,5.5%,8.5%,8.5%,8.5%,8.5%,10.4%,10.4%,8.3%
18,Oriental Enterprise Holdings Limited,Communication Services,Media,Media,183.3 M,2023,0.4%,0.4%,0.4%,0.4%,0.4%,0.4%,0.4%,0.4%,0.4%,0.4%,0.3%,0.3%,0.4%
64,Get Nice Holdings Limited,Financials,Capital Markets,Diversified Financials,184.6 M,2023,1.6%,1.6%,1.7%,1.7%,1.7%,1.7%,0.0%,0.0%,8.4%,8.4%,0.0%,0.0%,4.5%
306,Kwoon Chung Bus Holdings Limited,Industrials,Road & Rail,Transportation,139.1 M,2023,95.4%,95.4%,94.6%,94.6%,94.9%,94.9%,89.2%,89.2%,95.6%,95.6%,92.2%,92.2%,93.2%
191,Lai Sun Garment (International) Limited,Real Estate,Real Estate Management & Development,Real Estate,172.2 M,2023,150.3%,150.3%,158.0%,158.0%,143.7%,143.7%,133.5%,133.5%,116.0%,116.0%,111.4%,111.4%,104.6%
1050,Karrie International Holdings Limited,Information Technology,"Electronic Equipment, Instruments & Components",Technology Hardware & Equipment,242 M,2023,59.1%,59.1%,72.0%,72.0%,71.1%,71.1%,54.3%,54.3%,75.1%,75.1%,81.3%,81.3%,64.4%
159,Brockman Mining Limited,Materials,Metals & Mining,Materials,189.2 M,2023,9.8%,9.8%,8.9%,8.9%,9.8%,9.8%,9.2%,9.2%,5.2%,5.2%,6.1%,6.1%,6.6%
237,"Safety Godown Company, Limited",Real Estate,Real Estate Management & Development,Real Estate,117.6 M,2023,0.0%,0.0%,0.0%,0.0%,0.0%,0.0%,0.0%,0.0%,0.0%,0.0%,0.0%,0.0%,0.0%
2368,Eagle Nice (International) Holdings Limited,Consumer Discretionary,"Textiles, Apparel & Luxury Goods",Consumer Durables & Apparel,295.1 M,2023,42.1%,42.1%,40.1%,40.1%,24.2%,24.2%,28.9%,28.9%,25.0%,25.0%,41.9%,41.9%,38.2%
8365,Hatcher Group Limited,Financials,Capital Markets,Diversified Financials,140.2 M,2023,63.3%,63.3%,59.1%,59.1%,23.8%,23.8%,NA,19.5%,21.0%,21.0%,NA,14.5%,0.0%
474,Aceso Life Science Group Limited,Financials,Consumer Finance,Diversified Financials,167.4 M,2023,162.3%,162.3%,150.3%,150.3%,149.9%,149.9%,120.6%,120.6%,110.5%,110.5%,95.1%,95.1%,104.3%
1221,Sino Hotels (Holdings) Limited,Consumer Discretionary,"Hotels, Restaurants & Leisure",Consumer Services,327.5 M,2023,0.1%,0.1%,0.0%,0.0%,0.0%,0.0%,0.0%,0.0%,0.1%,0.1%,0.1%,0.1%,0.1%
33,International Genius Company,Consumer Discretionary,Distributors,Retailing,134.8 M,2023,5.9%,5.9%,1.2%,1.2%,643.3%,643.3%,NA,NA,NA,NA,-136.0%,-136.0%,-169.7%
147,International Business Settlement Holdings Limited,Real Estate,Real Estate Management & Development,Real Estate,181.2 M,2023,134.3%,134.3%,138.6%,138.6%,115.4%,115.4%,114.5%,114.5%,84.9%,84.9%,79.2%,79.2%,60.9%
825,New World Department Store China Limited,Consumer Discretionary,Multiline Retail,Retailing,193.3 M,2023,135.7%,135.7%,140.2%,140.2%,128.3%,128.3%,143.8%,143.8%,134.8%,134.8%,141.4%,141.4%,116.1%
199,ITC Properties Group Limited,Real Estate,Real Estate Management & Development,Real Estate,122.1 M,2023,52.7%,52.7%,51.5%,51.5%,89.9%,89.9%,77.3%,77.3%,83.6%,83.6%,83.9%,83.9%,84.7%
650,Productive Technologies Company Limited,Energy,"Oil, Gas & Consumable Fuels",Energy,900.4 M,2023,1.7%,1.7%,0.7%,0.7%,1.9%,1.9%,2.4%,2.4%,2.5%,2.5%,4.4%,4.4%,3.8%
931,China LNG Group Limited,Energy,"Oil, Gas & Consumable Fuels",Energy,269.6 M,2023,646.3%,646.3%,287.1%,287.1%,"15,424.1%","15,424.1%",674.2%,674.2%,580.1%,580.1%,428.8%,428.8%,190.2%
163,Emperor International Holdings Limited,Real Estate,Real Estate Management & Development,Real Estate,313.9 M,2023,89.3%,89.3%,85.0%,85.0%,89.4%,89.4%,100.9%,100.9%,104.5%,104.5%,99.7%,99.7%,82.0%
2322,Hong Kong ChaoShang Group Limited,Industrials,Trading Companies & Distributors,Capital Goods,383.2 M,2023,3.2%,3.2%,1.5%,1.5%,0.7%,0.7%,2.1%,2.1%,2.8%,2.8%,3.7%,3.7%,4.4%
1428,Bright Smart Securities & Commodities Group Limited,Financials,Capital Markets,Diversified Financials,296.2 M,2023,171.4%,171.4%,213.1%,213.1%,347.4%,347.4%,539.9%,539.9%,"1,413.6%","1,413.6%",167.1%,167.1%,114.5%
1271,Grand Ming Group Holdings Limited,Industrials,Construction & Engineering,Capital Goods,1.082 B,2023,142.7%,142.7%,231.0%,231.0%,180.7%,180.7%,163.0%,163.0%,173.9%,173.9%,179.0%,179.0%,146.2%
1373,International Housewares Retail Company Limited,Consumer Discretionary,Specialty Retail,Retailing,258.6 M,2023,54.2%,54.2%,60.4%,60.4%,59.5%,59.5%,62.4%,62.4%,58.3%,58.3%,68.5%,68.5%,76.8%
2033,Time Watch Investments Limited,Consumer Discretionary,"Textiles, Apparel & Luxury Goods",Consumer Durables & Apparel,108.8 M,2023,1.5%,1.5%,1.6%,1.6%,1.1%,1.1%,2.5%,2.5%,1.1%,1.1%,1.3%,1.3%,3.2%
2708,IBO Technology Company Limited,Information Technology,"Electronic Equipment, Instruments & Components",Technology Hardware & Equipment,119 M,2023,28.5%,28.5%,30.1%,30.1%,36.2%,36.2%,45.6%,45.6%,76.2%,76.2%,62.0%,62.0%,40.3%
2360,Best Mart 360 Holdings Limited,Consumer Staples,Food & Staples Retailing,Food & Staples Retailing,284.1 M,2023,69.2%,69.2%,73.9%,73.9%,96.0%,96.0%,93.4%,93.4%,107.4%,107.4%,106.4%,106.4%,95.5%
1023,Sitoy Group Holdings Limited,Consumer Discretionary,"Textiles, Apparel & Luxury Goods",Consumer Durables & Apparel,107.6 M,2023,4.1%,4.1%,6.2%,6.2%,8.1%,8.1%,12.1%,12.1%,12.8%,12.8%,18.6%,18.6%,14.9%
1469,Get Nice Financial Group Limited,Financials,Capital Markets,Diversified Financials,207 M,2023,0.2%,0.2%,0.3%,0.3%,0.4%,0.4%,0.1%,0.1%,16.0%,16.0%,0.0%,0.0%,11.5%
1341,Hao Tian International Construction Investment Group Limited,Industrials,Trading Companies & Distributors,Capital Goods,231.2 M,2023,56.0%,56.0%,69.0%,69.0%,70.0%,70.0%,64.0%,64.0%,32.6%,32.6%,43.3%,43.3%,29.6%
1082,Bradaverse Education (Int'l) Investments Group Limited,Consumer Discretionary,Diversified Consumer Services,Consumer Services,129.2 M,2023,21.0%,21.0%,4.5%,4.5%,4.8%,4.8%,4.5%,4.5%,7.6%,7.6%,14.0%,14.0%,23.7%
6889,"DYNAM JAPAN HOLDINGS Co., Ltd.",Consumer Discretionary,"Hotels, Restaurants & Leisure",Consumer Services,479.5 M,2023,103.8%,103.8%,101.0%,101.0%,93.4%,93.4%,95.4%,95.4%,97.3%,97.3%,79.4%,79.4%,74.4%
1468,Kingkey Financial International (Holdings) Limited,Financials,Capital Markets,Diversified Financials,1.554 B,2023,34.6%,34.6%,33.6%,33.6%,32.5%,32.5%,63.7%,63.7%,49.4%,49.4%,40.4%,40.4%,26.3%
279,Arta TechFin Corporation Limited,Financials,Capital Markets,Diversified Financials,275 M,2023,284.5%,284.5%,73.0%,73.0%,-88.7%,-88.7%,-102.4%,-102.4%,-120.7%,-120.7%,-118.8%,-118.8%,450.0%
1243,Wang On Properties Limited,Real Estate,Real Estate Management & Development,Real Estate,110.4 M,2023,87.0%,87.0%,88.6%,88.6%,101.5%,101.5%,98.0%,98.0%,94.1%,94.1%,76.7%,76.7%,80.7%
2221,New Concepts Holdings Limited,Industrials,Construction & Engineering,Capital Goods,120.7 M,2023,104.4%,104.4%,166.5%,166.5%,167.6%,167.6%,426.5%,426.5%,353.6%,353.6%,641.0%,641.0%,202.4%
1499,OKG Technology Holdings Limited,Industrials,Construction & Engineering,Capital Goods,242.9 M,2023,304.1%,304.1%,368.2%,368.2%,54.7%,54.7%,68.7%,68.7%,58.7%,58.7%,59.0%,59.0%,62.1%
711,Asia Allied Infrastructure Holdings Limited,Industrials,Construction & Engineering,Capital Goods,118.2 M,2023,126.3%,126.3%,132.2%,132.2%,125.2%,125.2%,143.0%,143.0%,109.5%,109.5%,118.5%,118.5%,120.2%
985,CST Group Limited,Financials,Capital Markets,Diversified Financials,107.8 M,2023,205.3%,205.3%,160.2%,160.2%,160.3%,160.3%,64.7%,64.7%,99.9%,99.9%,124.8%,124.8%,77.1%
992,Lenovo Group Limited,Information Technology,"Technology Hardware, Storage & Peripherals",Technology Hardware & Equipment,13.581 B,2023,102.9%,106.5%,83.2%,86.2%,112.8%,131.3%,135.2%,159.9%,159.8%,191.4%,204.7%,217.9%,197.0%
1854,China Wantian Holdings Limited,Consumer Staples,Food & Staples Retailing,Food & Staples Retailing,108.4 M,2023,17.5%,17.5%,23.4%,23.4%,31.4%,31.4%,46.5%,46.5%,45.4%,45.4%,47.8%,47.8%,23.8%
259,Yeebo (International Holdings) Limited,Information Technology,"Electronic Equipment, Instruments & Components",Technology Hardware & Equipment,362.6 M,2023,0.6%,0.6%,0.8%,0.8%,0.8%,0.8%,0.7%,0.7%,0.6%,0.6%,0.8%,0.8%,0.6%
900,AEON Credit Service (Asia) Company Limited,Financials,Consumer Finance,Diversified Financials,270.5 M,2023,52.9%,38.6%,31.7%,32.2%,31.0%,36.9%,39.0%,37.8%,41.4%,45.0%,55.8%,64.3%,72.1%
938,Man Sang International Limited,Real Estate,Real Estate Management & Development,Real Estate,137.7 M,2023,"-3,916.1%","-3,916.1%","1,471.8%","1,471.8%","6,929.7%","6,929.7%","1,568.9%","1,568.9%",615.3%,615.3%,984.4%,984.4%,408.7%
1726,HKE Holdings Limited,Industrials,Construction & Engineering,Capital Goods,179.2 M,2023,3.6%,3.6%,4.8%,4.8%,3.8%,3.8%,0.0%,0.0%,0.1%,0.1%,0.2%,0.2%,0.2%
6819,IntelliCentrics Global Holdings Ltd.,Healthcare,Health Care Technology,Healthcare Equipment & Services,288.8 M,2023,"3,873.9%","3,873.9%",555.5%,555.5%,284.1%,284.1%,111.2%,111.2%,88.3%,88.3%,NA,NA,NA
1729,Time Interconnect Technology Limited,Industrials,Electrical Equipment,Capital Goods,421.4 M,2023,167.7%,167.7%,106.6%,106.6%,127.2%,127.2%,123.9%,123.9%,152.3%,152.3%,105.9%,105.9%,18.6%
1082,Bradaverse Education (Int'l) Investments Group Limited,Consumer Discretionary,Diversified Consumer Services,Consumer Services,129.2 M,2023,21.0%,21.0%,4.5%,4.5%,4.8%,4.8%,4.5%,4.5%,7.6%,7.6%,14.0%,14.0%,23.7%
1283,Accel Group Holdings Limited,Industrials,Construction & Engineering,Capital Goods,129.4 M,2023,7.8%,7.8%,4.9%,4.9%,3.3%,3.3%,5.5%,5.5%,1.7%,1.7%,1.1%,1.1%,7.6%
2153,"Tat Hong Equipment Service Co., Ltd.",Industrials,Construction & Engineering,Capital Goods,196.2 M,2023,60.1%,60.1%,44.6%,44.6%,39.4%,39.4%,35.5%,35.5%,56.5%,56.5%,NA,NA,NA
9913,Chi Kan Holdings Limited,Industrials,Construction & Engineering,Capital Goods,270.1 M,2023,9.2%,9.2%,4.2%,4.2%,3.1%,3.1%,3.0%,3.0%,0.3%,0.3%,0.6%,0.6%,NA
2161,JBM (Healthcare) Limited,Healthcare,Pharmaceuticals,"Pharmaceuticals, Biotechnology & Life Sciences",111.1 M,2023,20.1%,20.1%,22.9%,22.9%,27.0%,27.0%,29.6%,29.6%,NA,70.9%,NA,NA,NA
1942,MOG Holdings Limited,Consumer Discretionary,Specialty Retail,Retailing,1.543 B,2023,6.1%,6.1%,13.9%,13.9%,15.3%,15.3%,17.0%,17.0%,16.8%,16.8%,33.8%,33.8%,37.5%
1387,China Dili Group,Real Estate,Real Estate Management & Development,Real Estate,748 M,2022,18.0%,18.0%,16.4%,16.4%,15.5%,15.5%,17.4%,17.4%,25.7%,25.7%,23.8%,23.8%,10.6%
1188,Hybrid Kinetic Group Limited,Consumer Discretionary,Automobiles,Automobiles & Components,103.7 M,2022,-65.1%,-65.1%,28.5%,28.5%,25.6%,25.6%,21.5%,21.5%,21.7%,21.7%,34.9%,34.9%,4.4%
245,China Vered Financial Holding Corporation Limited,Financials,Capital Markets,Diversified Financials,252.1 M,2022,0.4%,0.4%,3.4%,3.4%,3.5%,3.5%,6.1%,6.1%,1.9%,1.9%,6.2%,6.2%,6.3%
416,"Bank of Jinzhou Co., Ltd.",Financials,Banks,Banks,2.458 B,2022,229.1%,229.1%,275.2%,275.2%,270.8%,270.8%,224.4%,224.4%,363.6%,363.6%,396.5%,396.5%,361.6%
6188,"Beijing Digital Telecom Co., Ltd.",Consumer Discretionary,Specialty Retail,Retailing,357.4 M,2022,925.3%,925.3%,599.1%,599.1%,273.5%,273.5%,72.5%,72.5%,83.4%,83.4%,112.1%,112.1%,106.3%
7841,HK Acquisition Corporation,Financials,Capital Markets,Diversified Financials,141.5 M,2022,NA,NA,NA,0.0%,NA,NA,NA,NA,NA,NA,NA,NA,NA
1400,Moody Technology Holdings Limited,Consumer Discretionary,"Textiles, Apparel & Luxury Goods",Consumer Durables & Apparel,162.3 M,2022,-93.6%,-93.6%,-92.7%,-92.7%,-97.7%,-97.7%,-99.1%,-99.1%,-114.6%,-114.6%,-126.2%,-126.2%,-165.6%
1921,Dalipal Holdings Limited,Energy,Energy Equipment & Services,Energy,421.9 M,2022,138.8%,138.8%,175.6%,175.6%,183.3%,183.3%,175.8%,175.8%,152.3%,152.3%,134.2%,134.2%,145.5%
1691,JS Global Lifestyle Company Limited,Consumer Discretionary,Household Durables,Consumer Durables & Apparel,3.46 B,2022,60.4%,60.4%,55.3%,55.3%,60.7%,60.7%,63.0%,63.0%,108.9%,108.9%,88.3%,88.3%,679.5%
2231,JY Grandmark Holdings Limited,Real Estate,Real Estate Management & Development,Real Estate,251.7 M,2022,150.0%,150.0%,146.7%,146.7%,104.5%,104.5%,104.8%,104.8%,150.8%,150.8%,123.9%,123.9%,237.3%
1907,China Risun Group Limited,Materials,Chemicals,Materials,2.08 B,2022,161.7%,161.7%,125.6%,125.6%,110.1%,110.1%,128.9%,128.9%,146.5%,146.5%,130.1%,130.1%,123.7%
1563,Alliance International Education Leasing Holdings Limited,Financials,Diversified Financial Services,Diversified Financials,1.053 B,2022,20.9%,20.9%,43.8%,43.8%,70.4%,70.4%,94.3%,94.3%,138.8%,138.8%,179.3%,179.3%,142.4%
2558,"Jinshang Bank Co., Ltd.",Financials,Banks,Banks,914.9 M,2022,260.1%,260.1%,350.8%,350.8%,336.7%,336.7%,326.8%,326.8%,323.3%,323.3%,326.7%,326.7%,341.8%
1966,China SCE Group Holdings Limited,Real Estate,Real Estate Management & Development,Real Estate,425 M,2022,241.6%,241.6%,268.0%,268.0%,244.4%,244.4%,265.4%,265.4%,295.6%,295.6%,319.3%,319.3%,258.9%
289,Wing On Company International Limited,Consumer Discretionary,Multiline Retail,Retailing,511.4 M,2022,0.3%,0.3%,0.4%,0.4%,0.5%,0.5%,0.7%,0.7%,0.5%,0.5%,0.7%,0.7%,0.8%
517,"COSCO SHIPPING International (Hong Kong) Co., Ltd.",Industrials,Transportation Infrastructure,Transportation,473.8 M,2022,0.2%,0.2%,0.6%,0.6%,1.7%,1.7%,1.2%,1.2%,1.1%,1.1%,0.9%,0.9%,0.9%
898,Multifield International Holdings Limited,Real Estate,Real Estate Management & Development,Real Estate,105.4 M,2022,25.0%,25.0%,21.6%,21.6%,20.7%,20.7%,22.8%,22.8%,25.7%,25.7%,25.5%,25.5%,29.1%
376,Yunfeng Financial Group Limited,Financials,Insurance,Insurance,606.1 M,2022,32.8%,32.8%,25.5%,25.5%,26.4%,26.4%,28.9%,28.9%,42.5%,42.5%,37.4%,37.4%,26.8%
295,Kong Sun Holdings Limited,Utilities,Independent Power & Renewable Electricity Producers,Utilities,143 M,2022,72.2%,72.2%,103.7%,103.7%,133.8%,133.8%,145.9%,145.9%,178.5%,178.5%,188.0%,188.0%,188.9%
588,Beijing North Star Company Limited,Real Estate,Real Estate Management & Development,Real Estate,862.6 M,2022,150.9%,208.4%,233.2%,197.7%,219.0%,180.1%,188.5%,185.0%,204.0%,210.3%,210.2%,201.2%,202.3%
258,Tomson Group Limited,Real Estate,Real Estate Management & Development,Real Estate,421.8 M,2022,2.2%,2.2%,2.3%,2.3%,2.5%,2.5%,8.1%,8.1%,8.8%,8.8%,10.6%,10.6%,10.7%
34,Kowloon Development Company Limited,Real Estate,Real Estate Management & Development,Real Estate,1.238 B,2022,135.4%,135.4%,84.2%,84.2%,90.9%,90.9%,72.2%,72.2%,51.2%,51.2%,55.3%,55.3%,57.0%
655,Hongkong Chinese Limited,Real Estate,Real Estate Management & Development,Real Estate,129.8 M,2022,3.1%,3.1%,2.4%,2.4%,5.1%,5.1%,4.7%,4.7%,4.5%,4.5%,6.7%,6.7%,4.7%
990,Theme International Holdings Limited,Industrials,Trading Companies & Distributors,Capital Goods,1.459 B,2022,6.3%,6.3%,1.4%,1.4%,41.3%,41.3%,1.0%,1.0%,62.8%,62.8%,53.3%,53.3%,43.6%
1005,Matrix Holdings Limited,Consumer Discretionary,Leisure Products,Consumer Durables & Apparel,231.2 M,2022,6.8%,6.8%,8.3%,8.3%,8.0%,8.0%,8.5%,8.5%,8.6%,8.6%,9.0%,9.0%,7.0%
882,Tianjin Development Holdings Limited,Utilities,Multi-Utilities,Utilities,214.6 M,2022,18.5%,18.5%,18.0%,18.0%,18.5%,18.5%,19.2%,19.2%,17.8%,17.8%,21.0%,21.0%,18.2%
69,Shangri-La Asia Limited,Consumer Discretionary,"Hotels, Restaurants & Leisure",Consumer Services,3.142 B,2022,117.8%,117.8%,113.6%,113.6%,107.3%,107.3%,105.3%,105.3%,107.7%,107.7%,111.0%,111.0%,96.1%
251,S E A Holdings Limited,Real Estate,Real Estate Management & Development,Real Estate,145.7 M,2022,167.7%,167.7%,154.9%,154.9%,174.9%,174.9%,168.0%,168.0%,188.4%,188.4%,223.8%,223.8%,228.8%
535,Gemdale Properties and Investment Corporation Limited,Real Estate,Real Estate Management & Development,Real Estate,1.1 B,2022,160.5%,160.5%,110.2%,110.2%,125.1%,125.1%,104.8%,104.8%,82.8%,82.8%,76.3%,76.3%,128.4%
542,TFG International Group Limited,Consumer Discretionary,"Hotels, Restaurants & Leisure",Consumer Services,212.4 M,2022,"56,492.7%","56,492.7%","-1,151.7%","-1,151.7%","4,164.1%","4,164.1%","1,263.7%","1,263.7%",307.8%,307.8%,269.2%,269.2%,157.0%
622,Oshidori International Holdings Limited,Financials,Consumer Finance,Diversified Financials,214 M,2022,7.9%,7.9%,8.4%,8.4%,6.1%,6.1%,5.2%,5.2%,9.2%,9.2%,9.5%,9.5%,10.3%
420,Fountain Set (Holdings) Limited,Consumer Discretionary,"Textiles, Apparel & Luxury Goods",Consumer Durables & Apparel,126.4 M,2022,19.1%,19.1%,27.6%,27.6%,15.3%,15.3%,20.0%,20.0%,14.1%,14.1%,23.9%,23.9%,14.4%
635,Playmates Holdings Limited,Consumer Discretionary,Leisure Products,Consumer Durables & Apparel,166.2 M,2022,6.3%,6.3%,13.2%,13.2%,13.5%,13.5%,13.6%,13.6%,12.3%,12.3%,11.9%,11.9%,11.5%
316,Orient Overseas (International) Limited,Industrials,Marine,Transportation,12.661 B,2022,15.5%,15.5%,19.7%,19.7%,27.8%,27.8%,38.9%,38.9%,54.4%,54.4%,70.4%,70.4%,81.0%
85,China Electronics Huada Technology Company Limited,Information Technology,Semiconductors & Semiconductor Equipment,Semiconductors & Semiconductor Equipment,395.6 M,2022,50.1%,50.1%,58.6%,58.6%,63.5%,63.5%,71.6%,71.6%,117.9%,117.9%,110.1%,110.1%,119.9%
201,Magnificent Hotel Investments Limited,Consumer Discretionary,"Hotels, Restaurants & Leisure",Consumer Services,129.9 M,2022,20.2%,20.2%,13.0%,13.0%,13.2%,13.2%,14.0%,14.0%,12.9%,12.9%,20.9%,20.9%,10.5%
346,Yanchang Petroleum International Limited,Energy,"Oil, Gas & Consumable Fuels",Energy,126.1 M,2022,92.0%,92.0%,92.2%,92.2%,141.2%,141.2%,138.9%,138.9%,54.9%,54.9%,104.4%,104.4%,69.1%
225,Pokfulam Development Company Limited,Real Estate,Real Estate Management & Development,Real Estate,120.7 M,2022,5.7%,5.7%,6.3%,6.3%,1.2%,1.2%,1.2%,1.2%,1.0%,1.0%,1.1%,1.1%,1.0%
1198,Royale Home Holdings Limited,Consumer Discretionary,Household Durables,Consumer Durables & Apparel,662.1 M,2022,119.1%,119.1%,103.0%,103.0%,71.0%,71.0%,32.2%,32.2%,20.6%,20.6%,14.6%,14.6%,32.6%
1782,Vixtel Technologies Holdings Limited,Information Technology,IT Services,Software & Services,173.8 M,2022,3.7%,3.7%,6.5%,6.5%,6.6%,6.6%,6.9%,6.9%,6.6%,6.6%,1.5%,1.5%,0.3%
326,China Star Entertainment Limited,Communication Services,Entertainment,Media,203.8 M,2022,56.1%,56.1%,51.4%,51.4%,46.2%,46.2%,37.8%,37.8%,33.1%,33.1%,28.3%,28.3%,17.8%
548,Shenzhen Expressway Corporation Limited,Industrials,Transportation Infrastructure,Transportation,2.383 B,2022,158.8%,158.6%,145.4%,102.3%,99.1%,100.0%,99.0%,85.4%,127.9%,116.5%,98.3%,90.6%,86.5%
142,First Pacific Company Limited,Consumer Staples,Food Products,"Food, Beverage & Tobacco",1.295 B,2022,336.1%,336.1%,344.1%,344.1%,344.0%,344.0%,341.0%,341.0%,314.3%,314.3%,307.0%,307.0%,297.5%
626,Public Financial Holdings Limited,Financials,Banks,Banks,309.1 M,2022,19.3%,19.3%,19.5%,19.5%,20.1%,20.1%,19.8%,19.8%,20.5%,20.5%,20.9%,20.9%,21.1%
337,Greenland Hong Kong Holdings Limited,Real Estate,Real Estate Management & Development,Real Estate,236.4 M,2022,120.1%,120.1%,136.4%,136.4%,180.3%,180.3%,187.5%,187.5%,126.3%,126.3%,142.3%,142.3%,155.0%
1383,LET Group Holdings Limited,Consumer Discretionary,"Hotels, Restaurants & Leisure",Consumer Services,160.8 M,2022,70.7%,70.7%,90.3%,90.3%,76.4%,76.4%,91.5%,91.5%,-506.6%,-506.6%,-129.1%,-129.1%,-109.8%
2038,FIH Mobile Limited,Information Technology,"Electronic Equipment, Instruments & Components",Technology Hardware & Equipment,877.9 M,2022,38.2%,38.2%,54.8%,54.8%,40.8%,40.8%,48.7%,48.7%,45.9%,45.9%,45.9%,45.9%,30.2%
51,Harbour Centre Development Limited,Real Estate,Real Estate Management & Development,Real Estate,666.6 M,2022,7.3%,7.3%,8.3%,8.3%,9.3%,9.3%,15.5%,15.5%,18.2%,18.2%,19.8%,19.8%,21.3%
439,KuangChi Science Limited,Industrials,Aerospace & Defense,Capital Goods,130.2 M,2022,9.3%,9.3%,8.0%,8.0%,9.6%,9.6%,25.7%,25.7%,55.3%,55.3%,49.4%,49.4%,42.0%
505,Xingye Alloy Materials Group Limited,Industrials,Electrical Equipment,Capital Goods,113.8 M,2022,64.3%,64.3%,55.4%,55.4%,85.7%,85.7%,75.0%,75.0%,70.3%,70.3%,76.3%,76.3%,76.9%
580,Sun.King Technology Group Limited,Industrials,Electrical Equipment,Capital Goods,378 M,2022,8.6%,8.6%,12.3%,12.3%,12.4%,12.4%,19.1%,19.1%,22.7%,22.7%,28.9%,28.9%,28.9%
2698,Weiqiao Textile Company Limited,Consumer Discretionary,"Textiles, Apparel & Luxury Goods",Consumer Durables & Apparel,176.5 M,2022,28.0%,28.0%,15.3%,15.3%,14.7%,14.7%,12.9%,12.9%,12.5%,12.5%,11.5%,11.5%,11.9%
1161,Water Oasis Group Limited,Consumer Discretionary,Diversified Consumer Services,Consumer Services,145.7 M,2022,96.2%,96.2%,102.2%,102.2%,67.1%,67.1%,67.0%,67.0%,94.7%,94.7%,74.0%,74.0%,4.8%
2343,Pacific Basin Shipping Limited,Industrials,Marine,Transportation,2.151 B,2022,24.7%,24.7%,26.4%,26.4%,35.6%,35.6%,69.1%,69.1%,89.1%,89.1%,106.5%,106.5%,75.1%
212,Nanyang Holdings Limited,Real Estate,Real Estate Management & Development,Real Estate,119 M,2022,0.1%,0.1%,0.2%,0.2%,0.0%,0.0%,0.1%,0.1%,0.1%,0.1%,0.3%,0.3%,0.4%
256,Citychamp Watch & Jewellery Group Limited,Consumer Discretionary,"Textiles, Apparel & Luxury Goods",Consumer Durables & Apparel,637.6 M,2022,34.3%,34.3%,31.1%,31.1%,24.9%,24.9%,37.5%,37.5%,45.3%,45.3%,44.1%,44.1%,42.6%
1091,South Manganese Investment Limited,Materials,Metals & Mining,Materials,231.5 M,2022,138.3%,138.3%,132.4%,132.4%,163.3%,163.3%,181.6%,181.6%,167.2%,167.2%,148.5%,148.5%,147.8%
3833,"Xinjiang Xinxin Mining Industry Co., Ltd.",Materials,Metals & Mining,Materials,363.2 M,2022,23.9%,23.9%,29.6%,29.6%,39.5%,39.5%,38.6%,38.6%,44.1%,44.1%,48.9%,48.9%,54.4%
3639,Yida China Holdings Limited,Real Estate,Real Estate Management & Development,Real Estate,113.6 M,2022,113.8%,113.8%,114.6%,114.6%,123.3%,123.3%,138.8%,138.8%,147.3%,147.3%,130.5%,130.5%,128.6%
127,Chinese Estates Holdings Limited,Real Estate,Real Estate Management & Development,Real Estate,602.7 M,2022,35.6%,35.6%,35.2%,35.2%,38.4%,38.4%,33.5%,33.5%,25.7%,25.7%,25.3%,25.3%,40.5%
340,Tongguan Gold Group Limited,Materials,Metals & Mining,Materials,172.9 M,2022,13.4%,13.4%,11.8%,11.8%,12.6%,12.6%,16.8%,16.8%,12.6%,12.6%,9.6%,9.6%,7.5%
1578,"Bank of Tianjin Co., Ltd.",Financials,Banks,Banks,1.415 B,2022,414.0%,414.0%,411.4%,411.4%,359.0%,359.0%,418.0%,418.0%,428.9%,428.9%,421.9%,421.9%,451.3%
563,Shanghai Industrial Urban Development Group Limited,Real Estate,Real Estate Management & Development,Real Estate,317.4 M,2022,121.9%,121.9%,143.5%,143.5%,132.1%,132.1%,150.3%,150.3%,126.4%,126.4%,143.6%,143.6%,132.9%
169,Wanda Hotel Development Company Limited,Real Estate,Real Estate Management & Development,Real Estate,161.6 M,2022,17.9%,17.9%,51.2%,51.2%,56.3%,56.3%,59.2%,59.2%,236.0%,236.0%,233.3%,233.3%,217.9%
2869,Greentown Service Group Co. Ltd.,Real Estate,Real Estate Management & Development,Real Estate,2.067 B,2022,25.6%,25.6%,20.5%,20.5%,18.9%,18.9%,18.4%,18.4%,20.1%,20.1%,23.4%,23.4%,54.3%
2722,"Chongqing Machinery & Electric Co., Ltd.",Industrials,Industrial Conglomerates,Capital Goods,291 M,2022,39.3%,39.3%,40.0%,40.0%,40.0%,40.0%,43.1%,43.1%,43.1%,43.1%,55.5%,55.5%,47.6%
1141,CMBC Capital Holdings Limited,Financials,Capital Markets,Diversified Financials,183.2 M,2022,689.6%,689.6%,396.0%,396.0%,399.8%,399.8%,308.7%,308.7%,485.7%,485.7%,409.4%,409.4%,374.8%
412,Shandong Hi-Speed Holdings Group Limited,Financials,Diversified Financial Services,Diversified Financials,3.811 B,2022,618.6%,618.6%,164.1%,164.1%,132.7%,132.7%,157.1%,157.1%,158.2%,158.2%,125.0%,125.0%,233.8%
8227,"Xi'an Haitian Antenna Technologies Co., Ltd.",Information Technology,Communications Equipment,Technology Hardware & Equipment,106.4 M,2022,"1,038.9%",169.7%,103.2%,81.9%,22.3%,12.9%,23.7%,24.3%,4.6%,3.7%,4.3%,6.5%,NA
1691,JS Global Lifestyle Company Limited,Consumer Discretionary,Household Durables,Consumer Durables & Apparel,3.46 B,2022,60.4%,60.4%,55.3%,55.3%,60.7%,60.7%,63.0%,63.0%,108.9%,108.9%,88.3%,88.3%,679.5%
1921,Dalipal Holdings Limited,Energy,Energy Equipment & Services,Energy,421.9 M,2022,138.8%,138.8%,175.6%,175.6%,183.3%,183.3%,175.8%,175.8%,152.3%,152.3%,134.2%,134.2%,145.5%
1821,ESR Group Limited,Real Estate,Real Estate Management & Development,Real Estate,7.664 B,2022,62.7%,62.7%,55.1%,55.1%,102.4%,102.4%,93.9%,93.9%,92.0%,92.0%,96.3%,96.3%,85.7%
2558,"Jinshang Bank Co., Ltd.",Financials,Banks,Banks,914.9 M,2022,260.1%,260.1%,350.8%,350.8%,336.7%,336.7%,326.8%,326.8%,323.3%,323.3%,326.7%,326.7%,341.8%
1966,China SCE Group Holdings Limited,Real Estate,Real Estate Management & Development,Real Estate,425 M,2022,241.6%,241.6%,268.0%,268.0%,244.4%,244.4%,265.4%,265.4%,295.6%,295.6%,319.3%,319.3%,258.9%
1563,Alliance International Education Leasing Holdings Limited,Financials,Diversified Financial Services,Diversified Financials,1.053 B,2022,20.9%,20.9%,43.8%,43.8%,70.4%,70.4%,94.3%,94.3%,138.8%,138.8%,179.3%,179.3%,142.4%
1907,China Risun Group Limited,Materials,Chemicals,Materials,2.08 B,2022,161.7%,161.7%,125.6%,125.6%,110.1%,110.1%,128.9%,128.9%,146.5%,146.5%,130.1%,130.1%,123.7%
28,Tian An China Investments Company Limited,Real Estate,Real Estate Management & Development,Real Estate,747.1 M,2022,24.6%,24.6%,27.4%,27.4%,30.3%,30.3%,34.4%,34.4%,31.7%,31.7%,28.6%,28.6%,27.7%
2488,Launch Tech Company Limited,Consumer Discretionary,Auto Components,Automobiles & Components,120.6 M,2022,69.7%,69.7%,53.5%,53.5%,39.0%,39.0%,43.1%,43.1%,56.9%,56.9%,63.9%,63.9%,24.1%
185,Zensun Enterprises Limited,Real Estate,Real Estate Management & Development,Real Estate,236.4 M,2022,232.5%,232.5%,268.1%,268.1%,302.4%,302.4%,350.7%,350.7%,760.9%,760.9%,766.9%,766.9%,"2,214.1%"
2355,Baoye Group Company Limited,Industrials,Construction & Engineering,Capital Goods,254.7 M,2022,39.2%,39.2%,47.3%,47.3%,55.4%,55.4%,59.4%,59.4%,66.6%,66.6%,61.3%,61.3%,49.8%
2348,Dawnrays Pharmaceutical (Holdings) Limited,Healthcare,Pharmaceuticals,"Pharmaceuticals, Biotechnology & Life Sciences",255.9 M,2022,1.1%,1.1%,1.0%,1.0%,0.5%,0.5%,0.1%,0.1%,5.6%,5.6%,10.8%,10.8%,10.1%
827,Ko Yo Chemical (Group) Limited,Materials,Chemicals,Materials,120.6 M,2022,237.9%,237.9%,311.2%,311.2%,"1,258.7%","1,258.7%","12,828.0%","12,828.0%","1,639.8%","1,639.8%",911.6%,911.6%,398.8%
611,China Nuclear Energy Technology Corporation Limited,Industrials,Construction & Engineering,Capital Goods,103.8 M,2022,282.0%,282.0%,293.4%,293.4%,315.3%,315.3%,316.4%,316.4%,371.4%,371.4%,279.0%,279.0%,257.2%
3382,Tianjin Port Development Holdings Limited,Industrials,Transportation Infrastructure,Transportation,478.5 M,2022,71.3%,71.3%,75.9%,75.9%,89.1%,89.1%,100.6%,100.6%,104.3%,104.3%,118.3%,118.3%,127.5%
531,Samson Holding Ltd.,Consumer Discretionary,Household Durables,Consumer Durables & Apparel,102.1 M,2022,NA,NA,79.3%,79.3%,56.3%,56.3%,66.2%,66.2%,61.7%,61.7%,66.9%,66.9%,68.5%
3330,Lingbao Gold Group Company Ltd.,Materials,Metals & Mining,Materials,135.4 M,2022,175.9%,175.9%,203.5%,203.5%,185.9%,185.9%,183.2%,183.2%,211.4%,211.4%,254.0%,254.0%,207.6%
3869,Hospital Corporation of China Limited,Healthcare,Healthcare Providers & Services,Healthcare Equipment & Services,135.6 M,2022,334.0%,334.0%,123.7%,123.7%,224.5%,224.5%,156.5%,156.5%,200.8%,200.8%,128.8%,128.8%,140.2%
1003,Huanxi Media Group Limited,Communication Services,Entertainment,Media,517 M,2022,3.7%,3.7%,8.3%,8.3%,7.3%,7.3%,4.9%,4.9%,10.8%,10.8%,7.7%,7.7%,8.3%
752,Pico Far East Holdings Limited,Communication Services,Media,Media,230.3 M,2022,44.3%,44.3%,40.2%,40.2%,40.1%,40.1%,40.3%,40.3%,43.1%,43.1%,45.5%,45.5%,30.9%
1696,Sisram Medical Ltd,Healthcare,Healthcare Equipment & Supplies,Healthcare Equipment & Services,710.8 M,2022,9.6%,9.6%,8.7%,8.7%,10.3%,10.3%,10.0%,10.0%,11.2%,11.2%,2.8%,2.8%,3.7%
1051,G-Resources Group Limited,Financials,Diversified Financial Services,Diversified Financials,113.7 M,2022,0.0%,0.0%,0.0%,0.0%,0.0%,0.0%,0.0%,0.0%,0.0%,0.0%,0.0%,0.0%,0.0%
837,Carpenter Tan Holdings Limited,Consumer Discretionary,"Textiles, Apparel & Luxury Goods",Consumer Durables & Apparel,106.5 M,2022,1.9%,1.9%,2.1%,2.1%,1.0%,1.0%,1.3%,1.3%,1.8%,1.8%,2.1%,2.1%,2.2%
976,Chiho Environmental Group Limited,Industrials,Commercial Services & Supplies,Commercial & Professional Services,139 M,2022,36.7%,36.7%,41.6%,41.6%,49.6%,49.6%,63.5%,63.5%,69.6%,69.6%,72.0%,72.0%,69.5%
2225,Jinhai International Group Holdings Limited,Industrials,Professional Services,Commercial & Professional Services,424.6 M,2022,5.7%,5.7%,7.3%,7.3%,8.1%,8.1%,21.6%,21.6%,29.9%,29.9%,41.7%,41.7%,48.1%
819,Tianneng Power International Limited,Consumer Discretionary,Auto Components,Automobiles & Components,1.374 B,2022,43.0%,43.0%,57.2%,57.2%,33.2%,33.2%,49.1%,49.1%,19.0%,19.0%,42.3%,42.3%,29.0%
3738,Vobile Group Limited,Information Technology,Software,Software & Services,1.11 B,2022,65.8%,65.8%,1.6%,1.6%,8.0%,8.0%,33.1%,33.1%,114.3%,114.3%,145.3%,145.3%,3.6%
1836,Stella International Holdings Limited,Consumer Discretionary,"Textiles, Apparel & Luxury Goods",Consumer Durables & Apparel,811.4 M,2022,2.2%,2.2%,2.5%,2.5%,2.9%,2.9%,2.8%,2.8%,2.4%,2.4%,6.4%,6.4%,1.0%
1308,SITC International Holdings Company Limited,Industrials,Marine,Transportation,5.741 B,2022,24.0%,24.0%,25.1%,25.1%,36.2%,36.2%,37.8%,37.8%,49.3%,49.3%,54.9%,54.9%,42.1%
1299,AIA Group Limited,Financials,Insurance,Insurance,120.7 B,2022,34.0%,34.0%,32.4%,32.4%,19.6%,19.6%,22.7%,22.7%,17.5%,17.5%,16.5%,16.5%,15.1%
1090,Da Ming International Holdings Limited,Materials,Metals & Mining,Materials,261.4 M,2022,227.8%,227.8%,172.4%,172.4%,212.5%,212.5%,181.2%,181.2%,223.4%,223.4%,194.9%,194.9%,187.7%
1576,Qilu Expressway Company Limited,Industrials,Transportation Infrastructure,Transportation,580.9 M,2022,68.4%,68.4%,53.0%,53.0%,78.2%,78.2%,97.1%,97.1%,115.1%,115.1%,4.6%,4.6%,39.8%
1085,Hengxin Technology Ltd.,Information Technology,Communications Equipment,Technology Hardware & Equipment,106.8 M,2022,12.7%,12.7%,15.5%,15.5%,18.5%,18.5%,16.9%,16.9%,16.2%,16.2%,19.4%,19.4%,18.5%
3360,Far East Horizon Limited,Financials,Diversified Financial Services,Diversified Financials,3.75 B,2022,521.8%,521.8%,580.3%,580.3%,475.6%,475.6%,515.1%,515.1%,489.1%,489.1%,434.9%,434.9%,411.5%
1329,Beijing Capital Grand Limited,Real Estate,Real Estate Management & Development,Real Estate,223.9 M,2022,137.3%,137.3%,245.3%,245.3%,227.2%,227.2%,259.5%,259.5%,198.0%,198.0%,197.1%,197.1%,176.3%
695,Dongwu Cement International Limited,Materials,Construction Materials,Materials,289 M,2022,30.7%,30.7%,20.8%,20.8%,20.1%,20.1%,21.1%,21.1%,12.9%,12.9%,10.8%,10.8%,7.1%
1733,E-Commodities Holdings Limited,Industrials,Trading Companies & Distributors,Capital Goods,496 M,2022,27.4%,27.4%,37.3%,37.3%,32.5%,32.5%,59.2%,59.2%,51.4%,51.4%,68.5%,68.5%,120.4%
3788,China Hanking Holdings Limited,Materials,Metals & Mining,Materials,192.3 M,2022,NA,NA,46.0%,46.0%,42.1%,42.1%,44.3%,44.3%,65.3%,65.3%,102.1%,102.1%,89.8%
1488,Best Food Holding Company Limited,Consumer Discretionary,"Hotels, Restaurants & Leisure",Consumer Services,175 M,2022,453.0%,453.0%,279.9%,279.9%,87.4%,87.4%,88.5%,88.5%,101.6%,101.6%,96.6%,96.6%,109.5%
3315,Goldpac Group Limited,Information Technology,"Technology Hardware, Storage & Peripherals",Technology Hardware & Equipment,169.1 M,2022,2.6%,2.6%,7.8%,7.8%,0.7%,0.7%,0.8%,0.8%,0.8%,0.8%,1.4%,1.4%,0.9%
1977,Analogue Holdings Limited,Industrials,Construction & Engineering,Capital Goods,231.9 M,2022,17.8%,17.8%,16.9%,16.9%,17.9%,17.9%,5.0%,5.0%,3.7%,3.7%,8.2%,8.2%,2.0%
6118,Austar Lifesciences Limited,Healthcare,Life Sciences Tools & Services,"Pharmaceuticals, Biotechnology & Life Sciences",139.7 M,2022,31.1%,31.1%,19.7%,19.7%,11.4%,11.4%,14.8%,14.8%,11.5%,11.5%,11.8%,11.8%,10.8%
3882,Sky Light Holdings Limited,Consumer Discretionary,Household Durables,Consumer Durables & Apparel,155.8 M,2022,23.9%,23.9%,28.1%,28.1%,33.1%,33.1%,22.3%,22.3%,19.1%,19.1%,23.7%,23.7%,25.5%
2329,Glory Health Industry Limited,Real Estate,Real Estate Management & Development,Real Estate,117.8 M,2022,172.0%,172.0%,164.8%,164.8%,173.4%,173.4%,188.3%,188.3%,221.7%,221.7%,218.8%,218.8%,251.5%
2686,AAG Energy Holdings Limited,Energy,"Oil, Gas & Consumable Fuels",Energy,692.1 M,2022,0.7%,0.7%,0.8%,0.8%,0.9%,0.9%,0.9%,0.9%,1.0%,1.0%,1.0%,1.0%,1.0%
2136,Lifestyle China Group Limited,Consumer Discretionary,Multiline Retail,Retailing,223.9 M,2022,26.5%,26.5%,27.4%,27.4%,29.0%,29.0%,29.5%,29.5%,31.2%,31.2%,32.0%,32.0%,34.3%
471,Silkwave Inc,Communication Services,Media,Media,112.1 M,2022,24.1%,24.1%,45.3%,45.3%,62.0%,62.0%,50.6%,50.6%,26.8%,26.8%,21.2%,21.2%,19.5%
360,New Focus Auto Tech Holdings Limited,Consumer Discretionary,Auto Components,Automobiles & Components,100.9 M,2022,240.2%,240.2%,211.2%,211.2%,195.2%,195.2%,165.6%,165.6%,133.6%,133.6%,76.4%,76.4%,75.4%
8279,AGTech Holdings Limited,Information Technology,IT Services,Software & Services,364.3 M,2022,2.7%,2.0%,2.0%,1.1%,1.1%,NA,1.6%,1.9%,1.9%,NA,0.4%,0.7%,0.7%
528,Kingdom Holdings Limited,Consumer Discretionary,"Textiles, Apparel & Luxury Goods",Consumer Durables & Apparel,113.9 M,2022,66.6%,66.6%,70.0%,70.0%,77.8%,77.8%,85.0%,85.0%,93.6%,93.6%,72.9%,72.9%,57.3%
1088,China Shenhua Energy Company Limited,Energy,"Oil, Gas & Consumable Fuels",Energy,71.854 B,2022,14.2%,15.6%,16.6%,15.6%,16.8%,16.9%,17.6%,16.7%,17.3%,17.4%,11.8%,12.3%,13.7%
1224,C C Land Holdings Limited,Real Estate,Real Estate Management & Development,Real Estate,845.7 M,2022,72.2%,72.2%,66.8%,66.8%,70.7%,70.7%,67.7%,67.7%,61.3%,61.3%,68.7%,68.7%,62.3%
139,Central Wealth Group Holdings Limited,Financials,Capital Markets,Diversified Financials,119.2 M,2022,35.5%,35.5%,35.7%,35.7%,52.5%,52.5%,52.6%,52.6%,65.6%,65.6%,75.7%,75.7%,66.3%
272,Shui On Land Limited,Real Estate,Real Estate Management & Development,Real Estate,1.023 B,2022,NA,NA,100.5%,100.5%,79.0%,79.0%,85.1%,85.1%,90.9%,90.9%,101.4%,101.4%,88.2%
3848,Wealthy Way Group Limited,Financials,Diversified Financial Services,Diversified Financials,120.3 M,2022,22.7%,22.7%,37.0%,37.0%,36.4%,36.4%,37.6%,37.6%,122.5%,122.5%,128.6%,128.6%,132.6%
1057,Zhejiang Shibao Company Limited,Consumer Discretionary,Auto Components,Automobiles & Components,658.2 M,2022,14.1%,10.7%,8.1%,11.8%,12.5%,8.1%,8.3%,7.8%,8.0%,8.0%,10.2%,12.2%,11.7%
3399,Guangdong Yueyun Transportation Company Limited,Industrials,Air Freight & Logistics,Transportation,106 M,2022,242.3%,242.3%,277.5%,277.5%,276.5%,276.5%,239.4%,239.4%,239.2%,239.2%,214.9%,214.9%,190.5%
547,Digital Domain Holdings Limited,Communication Services,Entertainment,Media,137.9 M,2022,88.3%,88.3%,62.7%,62.7%,35.1%,35.1%,48.9%,48.9%,34.0%,34.0%,30.8%,30.8%,30.0%
818,Hi Sun Technology (China) Limited,Financials,Diversified Financial Services,Diversified Financials,279.5 M,2022,5.3%,5.3%,4.1%,4.1%,0.5%,0.5%,0.7%,0.7%,1.0%,1.0%,1.3%,1.3%,1.4%
720,Auto Italia Holdings Limited,Real Estate,Real Estate Management & Development,Real Estate,120.7 M,2022,139.2%,139.2%,99.1%,99.1%,103.8%,103.8%,22.2%,22.2%,36.0%,36.0%,9.9%,9.9%,13.6%
8037,China Biotech Services Holdings Limited,Healthcare,Healthcare Providers & Services,Healthcare Equipment & Services,131.3 M,2022,13.6%,NA,17.3%,17.0%,17.0%,NA,15.6%,31.0%,31.0%,NA,40.1%,14.6%,14.6%
3303,Jutal Offshore Oil Services Limited,Energy,Energy Equipment & Services,Energy,106 M,2022,44.1%,44.1%,29.6%,29.6%,29.0%,29.0%,25.5%,25.5%,24.8%,24.8%,34.0%,34.0%,28.2%
1702,Dongguang Chemical Limited,Materials,Chemicals,Materials,205.7 M,2022,1.8%,1.8%,1.9%,1.9%,8.5%,8.5%,31.9%,31.9%,26.0%,26.0%,34.5%,34.5%,41.1%
2377,"China Boqi Environmental (Holding) Co., Ltd.",Industrials,Commercial Services & Supplies,Commercial & Professional Services,120.4 M,2022,7.5%,7.5%,7.4%,7.4%,8.5%,8.5%,4.3%,4.3%,4.8%,4.8%,5.2%,5.2%,5.1%
486,"United Company RUSAL, International Public Joint-Stock Company",Materials,Metals & Mining,Materials,7.626 B,2022,77.2%,77.2%,49.5%,49.5%,64.4%,64.4%,84.3%,84.3%,119.9%,119.9%,135.2%,135.2%,122.8%
1928,Sands China Ltd.,Consumer Discretionary,"Hotels, Restaurants & Leisure",Consumer Services,27.425 B,2022,"-1,454.4%","-1,454.4%","6,661.5%","6,661.5%",896.8%,896.8%,484.8%,484.8%,366.3%,366.3%,259.2%,259.2%,126.1%
1866,China XLX Fertiliser Ltd.,Materials,Chemicals,Materials,735.2 M,2022,200.3%,200.3%,209.6%,209.6%,211.1%,211.1%,219.3%,219.3%,217.8%,217.8%,179.9%,179.9%,190.6%
811,"Xinhua Winshare Publishing and Media Co., Ltd.",Consumer Discretionary,Distributors,Retailing,1.501 B,2022,3.4%,3.6%,3.8%,3.2%,3.5%,3.8%,4.3%,4.5%,4.2%,4.5%,5.2%,4.9%,3.9%
982,Huafa Property Services Group Company Limited,Real Estate,Real Estate Management & Development,Real Estate,189.7 M,2022,-616.1%,-616.1%,-395.5%,-395.5%,-330.3%,-330.3%,-144.1%,-144.1%,-289.4%,-289.4%,51.6%,51.6%,56.9%
757,Solargiga Energy Holdings Limited,Information Technology,Semiconductors & Semiconductor Equipment,Semiconductors & Semiconductor Equipment,116.4 M,2022,724.7%,724.7%,589.5%,589.5%,926.5%,926.5%,"1,799.2%","1,799.2%",591.4%,591.4%,417.7%,417.7%,358.6%
1126,Dream International Limited,Consumer Discretionary,Leisure Products,Consumer Durables & Apparel,365.6 M,2022,NA,NA,16.8%,16.8%,11.2%,11.2%,15.0%,15.0%,11.7%,11.7%,11.5%,11.5%,6.4%
1393,Hidili Industry International Development Limited,Energy,"Oil, Gas & Consumable Fuels",Energy,119.9 M,2022,547.8%,547.8%,800.9%,800.9%,"1,365.3%","1,365.3%","2,926.3%","2,926.3%","1,928.4%","1,928.4%","1,438.6%","1,438.6%","1,100.1%"
993,Huarong International Financial Holdings Limited,Financials,Capital Markets,Diversified Financials,105.4 M,2022,-275.1%,-275.1%,-523.0%,-523.0%,"-2,413.2%","-2,413.2%","-17,234.7%","-17,234.7%",458.0%,458.0%,"1,526.7%","1,526.7%","1,217.9%"
3636,Poly Culture Group Corporation Limited,Communication Services,Entertainment,Media,121.4 M,2022,154.4%,204.4%,160.0%,201.9%,155.7%,217.7%,128.0%,180.9%,150.3%,169.9%,108.3%,140.3%,84.0%
815,China Silver Group Limited,Materials,Metals & Mining,Materials,103.3 M,2022,90.1%,90.1%,64.2%,64.2%,66.9%,66.9%,8.6%,8.6%,8.2%,8.2%,6.1%,6.1%,5.0%
776,Imperium Technology Group Limited,Consumer Discretionary,Household Durables,Consumer Durables & Apparel,177.9 M,2022,-256.7%,-256.7%,"-1,457.3%","-1,457.3%",573.9%,573.9%,-386.9%,-386.9%,-551.4%,-551.4%,797.8%,797.8%,164.8%
686,"Beijing Energy International Holding Co., Ltd.",Utilities,Independent Power & Renewable Electricity Producers,Utilities,527.9 M,2022,611.7%,611.7%,541.4%,541.4%,413.1%,413.1%,333.3%,333.3%,368.7%,368.7%,554.2%,554.2%,295.0%
603,China Oil And Gas Group Limited,Utilities,Gas Utilities,Utilities,165.3 M,2022,176.1%,176.1%,183.6%,183.6%,256.0%,256.0%,207.1%,207.1%,213.8%,213.8%,199.7%,199.7%,196.9%
97,Henderson Investment Limited,Consumer Discretionary,Multiline Retail,Retailing,108.7 M,2022,58.7%,58.7%,66.0%,66.0%,37.9%,37.9%,37.2%,37.2%,50.0%,50.0%,59.2%,59.2%,64.4%
809,Global Bio-chem Technology Group Company Limited,Consumer Staples,Food Products,"Food, Beverage & Tobacco",147.5 M,2022,-125.9%,-125.9%,-140.1%,-140.1%,-164.3%,-164.3%,-165.1%,-165.1%,-189.6%,-189.6%,-222.0%,-222.0%,-222.2%
2878,Solomon Systech (International) Limited,Information Technology,Semiconductors & Semiconductor Equipment,Semiconductors & Semiconductor Equipment,158.9 M,2022,NA,NA,2.7%,2.7%,3.1%,3.1%,4.4%,4.4%,1.7%,1.7%,2.7%,2.7%,4.0%
1708,Nanjing Sample Technology Company Limited,Information Technology,"Electronic Equipment, Instruments & Components",Technology Hardware & Equipment,423.8 M,2022,50.7%,50.7%,52.2%,52.2%,59.0%,59.0%,60.4%,60.4%,62.0%,62.0%,57.5%,57.5%,62.0%
554,Hans Energy Company Limited,Energy,"Oil, Gas & Consumable Fuels",Energy,128.5 M,2022,52.0%,52.0%,61.2%,61.2%,59.8%,59.8%,84.9%,84.9%,85.0%,85.0%,78.2%,78.2%,75.7%
393,Glorious Sun Enterprises Limited,Consumer Discretionary,Specialty Retail,Retailing,151.8 M,2022,1.9%,1.9%,2.0%,2.0%,2.7%,2.7%,2.1%,2.1%,1.8%,1.8%,2.3%,2.3%,1.1%
240,Build King Holdings Limited,Industrials,Construction & Engineering,Capital Goods,159.8 M,2022,19.2%,19.2%,24.4%,24.4%,49.6%,49.6%,52.2%,52.2%,37.2%,37.2%,25.6%,25.6%,35.1%
133,China Merchants China Direct Investments Limited,Financials,Diversified Financial Services,Diversified Financials,177.6 M,2022,0.0%,0.0%,0.0%,0.0%,0.0%,0.0%,0.0%,0.0%,0.0%,0.0%,0.0%,0.0%,0.0%
1184,S.A.S. Dragon Holdings Limited,Information Technology,"Electronic Equipment, Instruments & Components",Technology Hardware & Equipment,274.3 M,2022,162.5%,162.5%,105.2%,105.2%,147.3%,147.3%,109.4%,109.4%,183.7%,183.7%,132.4%,132.4%,161.3%
194,Liu Chong Hing Investment Limited,Real Estate,Real Estate Management & Development,Real Estate,313.5 M,2022,17.5%,17.5%,16.5%,16.5%,14.2%,14.2%,12.4%,12.4%,11.8%,11.8%,13.0%,13.0%,12.3%
1168,Sinolink Worldwide Holdings Limited,Real Estate,Real Estate Management & Development,Real Estate,134 M,2022,17.4%,17.4%,14.4%,14.4%,12.6%,12.6%,9.6%,9.6%,11.3%,11.3%,12.3%,12.3%,12.4%
2218,"Yantai North Andre Juice Co.,Ltd.",Consumer Staples,Food Products,"Food, Beverage & Tobacco",735.2 M,2022,3.8%,4.3%,4.5%,4.5%,2.3%,0.0%,0.0%,0.0%,0.1%,0.1%,0.0%,0.0%,NA
2066,"Shengjing Bank Co., Ltd.",Financials,Banks,Banks,6.724 B,2022,186.0%,186.0%,127.4%,127.4%,126.6%,126.6%,142.6%,142.6%,181.3%,181.3%,227.2%,227.2%,198.3%
31,China Aerospace International Holdings Limited,Information Technology,"Electronic Equipment, Instruments & Components",Technology Hardware & Equipment,169 M,2022,20.9%,20.9%,19.8%,19.8%,20.0%,20.0%,19.9%,19.9%,20.6%,20.6%,21.1%,21.1%,21.5%
2383,TOM Group Limited,Communication Services,Media,Media,327.5 M,2022,-285.5%,-285.5%,-302.6%,-302.6%,-261.7%,-261.7%,-257.6%,-257.6%,-276.4%,-276.4%,"-1,274.8%","-1,274.8%","-1,674.3%"
1543,"Guangdong Join-Share Financing Guarantee Investment Co., Ltd.",Financials,Consumer Finance,Diversified Financials,355.9 M,2022,24.8%,24.8%,22.4%,22.4%,19.3%,19.3%,9.8%,9.8%,11.9%,11.9%,11.8%,11.8%,10.8%
3678,"Holly Futures Co., Ltd.",Financials,Capital Markets,Diversified Financials,1.619 B,2022,10.0%,14.6%,10.5%,10.5%,10.5%,15.0%,3.9%,3.9%,3.9%,7.0%,7.0%,2.2%,2.2%
2302,CNNC International Limited,Industrials,Trading Companies & Distributors,Capital Goods,115.9 M,2022,66.6%,66.6%,68.7%,68.7%,84.5%,84.5%,91.4%,91.4%,126.0%,126.0%,161.7%,161.7%,67.6%
419,Huayi Tencent Entertainment Company Limited,Consumer Discretionary,"Hotels, Restaurants & Leisure",Consumer Services,242.3 M,2022,10.6%,10.6%,8.0%,8.0%,5.0%,5.0%,8.7%,8.7%,21.4%,21.4%,44.4%,44.4%,37.1%
662,Asia Financial Holdings Limited,Financials,Insurance,Insurance,386.3 M,2022,0.0%,0.0%,0.1%,0.1%,0.0%,0.0%,0.1%,0.1%,0.0%,0.0%,1.0%,1.0%,1.6%
716,Singamas Container Holdings Limited,Industrials,Machinery,Capital Goods,191.2 M,2022,1.0%,1.0%,1.1%,1.1%,0.8%,0.8%,10.3%,10.3%,6.2%,6.2%,3.8%,3.8%,5.2%
32,The Cross-Harbour (Holdings) Limited,Consumer Discretionary,Diversified Consumer Services,Consumer Services,509 M,2022,0.4%,0.4%,1.1%,1.1%,1.3%,1.3%,1.0%,1.0%,1.3%,1.3%,1.9%,1.9%,2.3%
1100,Mainland Headwear Holdings Limited,Consumer Discretionary,"Textiles, Apparel & Luxury Goods",Consumer Durables & Apparel,116.3 M,2022,30.3%,30.3%,42.5%,42.5%,36.2%,36.2%,38.3%,38.3%,43.8%,43.8%,49.8%,49.8%,40.1%
1199,COSCO SHIPPING Ports Limited,Industrials,Transportation Infrastructure,Transportation,2.441 B,2022,70.6%,70.2%,71.2%,72.0%,66.4%,69.1%,69.4%,72.2%,69.0%,73.3%,71.4%,76.9%,76.3%
617,Paliburg Holdings Limited,Consumer Discretionary,"Hotels, Restaurants & Leisure",Consumer Services,255.6 M,2022,138.6%,138.6%,143.5%,143.5%,145.9%,145.9%,137.2%,137.2%,129.6%,129.6%,132.8%,132.8%,128.4%
719,Shandong Xinhua Pharmaceutical Company Limited,Healthcare,Pharmaceuticals,"Pharmaceuticals, Biotechnology & Life Sciences",1.749 B,2022,33.5%,24.3%,27.4%,44.4%,46.5%,51.0%,51.4%,52.4%,51.0%,54.7%,62.2%,71.3%,51.5%
226,Lippo Limited,Consumer Staples,Food & Staples Retailing,Food & Staples Retailing,141.4 M,2022,20.9%,20.9%,20.0%,20.0%,25.5%,25.5%,21.9%,21.9%,21.2%,21.2%,26.7%,26.7%,29.7%
775,"CK Life Sciences Int'l., (Holdings) Inc.",Healthcare,Biotechnology,"Pharmaceuticals, Biotechnology & Life Sciences",930.5 M,2022,143.0%,143.0%,143.5%,143.5%,138.0%,138.0%,130.9%,130.9%,131.1%,131.1%,142.1%,142.1%,134.8%
2008,Phoenix Media Investment (Holdings) Limited,Communication Services,Media,Media,194 M,2022,30.0%,30.0%,36.3%,36.3%,33.5%,33.5%,27.2%,27.2%,32.8%,32.8%,34.5%,34.5%,30.7%
184,Keck Seng Investments (Hong Kong) Limited,Consumer Discretionary,"Hotels, Restaurants & Leisure",Consumer Services,125.7 M,2022,52.8%,52.8%,54.2%,54.2%,55.0%,55.0%,53.4%,53.4%,51.5%,51.5%,52.6%,52.6%,51.2%
1045,APT Satellite Holdings Limited,Communication Services,Diversified Telecommunication Services,Telecommunication Services,294.5 M,2022,NA,NA,3.2%,3.2%,3.0%,3.0%,3.3%,3.3%,3.3%,3.3%,3.1%,3.1%,3.1%
62,Transport International Holdings Limited,Industrials,Road & Rail,Transportation,640.1 M,2022,NA,NA,31.4%,31.4%,23.0%,23.0%,23.7%,23.7%,23.4%,23.4%,30.9%,30.9%,24.7%
230,Minmetals Land Limited,Real Estate,Real Estate Management & Development,Real Estate,206.8 M,2022,NA,NA,266.2%,266.2%,169.5%,169.5%,199.9%,199.9%,148.7%,148.7%,157.1%,157.1%,129.8%
769,China Rare Earth Holdings Limited,Materials,Metals & Mining,Materials,134.2 M,2022,0.1%,0.1%,0.1%,0.1%,0.1%,0.1%,0.1%,0.1%,0.2%,0.2%,0.2%,0.2%,0.2%
1122,"Qingling Motors Co., Ltd.",Consumer Discretionary,Automobiles,Automobiles & Components,306.7 M,2022,0.2%,0.2%,0.3%,0.3%,0.3%,0.3%,0.8%,0.8%,1.0%,1.0%,1.1%,1.1%,0.0%
551,Yue Yuen Industrial (Holdings) Limited,Consumer Discretionary,"Textiles, Apparel & Luxury Goods",Consumer Durables & Apparel,2.264 B,2022,42.2%,55.1%,55.1%,53.3%,53.3%,59.2%,59.2%,61.2%,61.2%,71.3%,71.3%,61.1%,61.1%
618,Peking University Resources (Holdings) Company Limited,Real Estate,Real Estate Management & Development,Real Estate,132.6 M,2022,NA,NA,NA,NA,NA,NA,-525.1%,-525.1%,-788.2%,-788.2%,"-4,343.7%","-4,343.7%","10,597.7%"
1098,Road King Infrastructure Limited,Real Estate,Real Estate Management & Development,Real Estate,304.5 M,2022,118.3%,118.3%,128.6%,128.6%,136.3%,136.3%,152.1%,152.1%,139.8%,139.8%,137.9%,137.9%,117.4%
1719,China Infrastructure & Logistics Group Ltd.,Industrials,Transportation Infrastructure,Transportation,219.8 M,2022,55.9%,55.9%,69.4%,69.4%,50.8%,50.8%,51.8%,51.8%,67.5%,67.5%,78.8%,78.8%,79.8%
693,Tan Chong International Limited,Consumer Discretionary,Distributors,Retailing,436 M,2022,28.6%,28.6%,27.4%,27.4%,33.0%,33.0%,32.2%,32.2%,37.5%,37.5%,35.8%,35.8%,37.5%
3989,Capital Environment Holdings Limited,Industrials,Commercial Services & Supplies,Commercial & Professional Services,264.1 M,2022,156.1%,156.1%,277.9%,277.9%,290.1%,290.1%,287.2%,287.2%,232.1%,232.1%,345.1%,345.1%,294.3%
10,Hang Lung Group Limited,Real Estate,Real Estate Management & Development,Real Estate,2.39 B,2022,49.8%,49.8%,48.1%,48.1%,48.2%,48.2%,44.5%,44.5%,42.4%,42.4%,39.0%,39.0%,34.4%
853,MicroPort Scientific Corporation,Healthcare,Healthcare Equipment & Supplies,Healthcare Equipment & Services,4.703 B,2022,104.7%,104.7%,83.4%,83.4%,65.5%,65.5%,26.3%,26.3%,65.4%,65.4%,88.2%,88.2%,75.7%
887,Emperor Watch & Jewellery Limited,Consumer Discretionary,Specialty Retail,Retailing,150.3 M,2022,NA,NA,7.5%,7.5%,8.8%,8.8%,23.0%,23.0%,23.3%,23.3%,28.9%,28.9%,31.5%
1823,Huayu Expressway Group Limited,Industrials,Construction & Engineering,Capital Goods,100.4 M,2022,210.0%,210.0%,227.8%,227.8%,255.2%,255.2%,195.0%,195.0%,270.4%,270.4%,276.1%,276.1%,306.3%
3838,China Starch Holdings Limited,Consumer Staples,Food Products,"Food, Beverage & Tobacco",163.4 M,2022,8.0%,8.0%,5.5%,5.5%,3.4%,3.4%,13.0%,13.0%,4.3%,4.3%,6.4%,6.4%,5.4%
3903,"Hanhua Financial Holding Co., Ltd.",Financials,Diversified Financial Services,Diversified Financials,190.5 M,2022,38.2%,38.2%,44.9%,44.9%,51.0%,51.0%,72.5%,72.5%,76.1%,76.1%,108.4%,108.4%,115.7%
1176,Zhuguang Holdings Group Company Limited,Real Estate,Real Estate Management & Development,Real Estate,708.8 M,2022,213.6%,213.6%,214.8%,214.8%,200.7%,200.7%,182.9%,182.9%,257.4%,257.4%,243.9%,243.9%,268.6%
1358,PW Medtech Group Limited,Healthcare,Healthcare Equipment & Supplies,Healthcare Equipment & Services,111.7 M,2022,1.7%,1.7%,0.1%,0.1%,0.5%,0.5%,0.6%,0.6%,0.3%,0.3%,12.8%,12.8%,12.7%
2299,Billion Industrial Holdings Limited,Consumer Discretionary,"Textiles, Apparel & Luxury Goods",Consumer Durables & Apparel,1.015 B,2022,NA,NA,23.2%,23.2%,14.4%,14.4%,23.2%,23.2%,44.6%,44.6%,51.9%,51.9%,24.3%
1205,CITIC Resources Holdings Limited,Industrials,Trading Companies & Distributors,Capital Goods,430.4 M,2022,46.0%,46.0%,53.7%,53.7%,60.9%,60.9%,85.5%,85.5%,88.8%,88.8%,83.2%,83.2%,91.0%
1180,Paradise Entertainment Limited,Consumer Discretionary,"Hotels, Restaurants & Leisure",Consumer Services,119.3 M,2022,90.4%,90.4%,54.6%,54.6%,45.5%,45.5%,42.6%,42.6%,36.2%,36.2%,29.9%,29.9%,19.3%
560,Chu Kong Shipping Enterprises (Group) Company Limited,Industrials,Marine,Transportation,138.5 M,2022,15.9%,15.9%,17.8%,17.8%,18.6%,18.6%,11.8%,11.8%,10.8%,10.8%,15.8%,15.8%,10.3%
373,Allied Group Limited,Financials,Consumer Finance,Diversified Financials,774.4 M,2022,68.3%,68.3%,65.0%,65.0%,53.3%,53.3%,54.3%,54.3%,76.7%,76.7%,64.8%,64.8%,68.2%
3737,Zhongzhi Pharmaceutical Holdings Limited,Healthcare,Pharmaceuticals,"Pharmaceuticals, Biotechnology & Life Sciences",113.3 M,2022,17.0%,17.0%,16.6%,16.6%,19.6%,19.6%,24.3%,24.3%,22.9%,22.9%,18.2%,18.2%,16.7%
255,Lung Kee (Bermuda) Holdings Limited,Industrials,Machinery,Capital Goods,200.4 M,2022,0.5%,0.5%,0.3%,0.3%,0.4%,0.4%,0.5%,0.5%,0.6%,0.6%,0.5%,0.5%,0.7%
1596,Hebei Yichen Industrial Group Corporation Limited,Industrials,Machinery,Capital Goods,455.2 M,2022,20.7%,20.7%,12.9%,12.9%,19.2%,19.2%,16.8%,16.8%,14.2%,14.2%,16.7%,16.7%,7.9%
3918,NagaCorp Ltd.,Consumer Discretionary,"Hotels, Restaurants & Leisure",Consumer Services,3.478 B,2022,28.9%,28.9%,35.4%,35.4%,37.2%,37.2%,36.5%,36.5%,42.2%,42.2%,22.0%,22.0%,19.4%
8446,In Technical Productions Holdings Limited,Communication Services,Entertainment,Media,841.8 M,2022,35.1%,28.2%,NA,NA,21.1%,NA,18.2%,6.8%,6.8%,NA,7.2%,5.2%,5.2%
6093,Hevol Services Group Co. Limited,Real Estate,Real Estate Management & Development,Real Estate,255.4 M,2022,1.2%,1.2%,1.4%,1.4%,0.3%,0.3%,1.6%,1.6%,1.6%,1.6%,3.3%,3.3%,5.7%
573,Tao Heung Holdings Limited,Consumer Discretionary,"Hotels, Restaurants & Leisure",Consumer Services,111.1 M,2022,63.2%,63.2%,52.5%,52.5%,65.3%,65.3%,64.0%,64.0%,70.5%,70.5%,62.7%,62.7%,64.8%
848,Maoye International Holdings Limited,Consumer Discretionary,Multiline Retail,Retailing,159.1 M,2022,108.4%,108.4%,159.2%,159.2%,161.9%,161.9%,173.6%,173.6%,166.5%,166.5%,160.0%,160.0%,156.5%
2002,China Sunshine Paper Holdings Company Limited,Materials,Containers & Packaging,Materials,274 M,2022,128.4%,128.4%,124.5%,124.5%,132.7%,132.7%,133.5%,133.5%,181.9%,181.9%,173.2%,173.2%,217.0%
592,Bossini International Holdings Limited,Consumer Discretionary,Specialty Retail,Retailing,179.4 M,2022,91.9%,91.9%,40.5%,40.5%,155.5%,155.5%,123.2%,123.2%,73.2%,73.2%,4.3%,4.3%,2.8%
355,Century City International Holdings Limited,Consumer Discretionary,"Hotels, Restaurants & Leisure",Consumer Services,118.2 M,2022,200.5%,200.5%,207.7%,207.7%,210.4%,210.4%,197.8%,197.8%,188.4%,188.4%,192.1%,192.1%,186.1%
99,Wong's International Holdings Limited,Information Technology,"Electronic Equipment, Instruments & Components",Technology Hardware & Equipment,114 M,2022,46.7%,46.7%,48.3%,48.3%,47.6%,47.6%,50.0%,50.0%,48.4%,48.4%,46.4%,46.4%,39.8%
71,"Miramar Hotel and Investment Company, Limited",Consumer Discretionary,"Hotels, Restaurants & Leisure",Consumer Services,1.037 B,2022,0.5%,0.5%,0.3%,0.3%,0.4%,0.4%,0.5%,0.5%,0.5%,0.5%,0.6%,0.6%,0.8%
232,Continental Aerospace Technologies Holding Limited,Industrials,Aerospace & Defense,Capital Goods,115 M,2022,11.0%,11.0%,12.2%,12.2%,14.3%,14.3%,22.6%,22.6%,19.9%,19.9%,15.3%,15.3%,4.4%
1548,Genscript Biotech Corporation,Healthcare,Life Sciences Tools & Services,"Pharmaceuticals, Biotechnology & Life Sciences",4.982 B,2022,66.2%,66.2%,47.4%,47.4%,5.5%,5.5%,6.1%,6.1%,6.2%,6.2%,6.3%,6.3%,5.4%
78,Regal Hotels International Holdings Limited,Consumer Discretionary,"Hotels, Restaurants & Leisure",Consumer Services,360.7 M,2022,109.7%,109.7%,111.5%,111.5%,113.2%,113.2%,110.3%,110.3%,105.9%,105.9%,107.4%,107.4%,99.8%
533,Goldlion Holdings Limited,Consumer Discretionary,Specialty Retail,Retailing,157.1 M,2022,1.1%,1.1%,0.7%,0.7%,0.5%,0.5%,0.5%,0.5%,0.2%,0.2%,0.4%,0.4%,0.6%
1561,Pan Asia Data Holdings Inc.,Materials,Chemicals,Materials,125.2 M,2022,549.3%,549.3%,353.5%,353.5%,327.5%,327.5%,296.1%,296.1%,92.7%,92.7%,78.0%,78.0%,1.0%
878,Soundwill Holdings Limited,Real Estate,Real Estate Management & Development,Real Estate,244.7 M,2022,NA,NA,10.2%,10.2%,9.7%,9.7%,11.7%,11.7%,9.2%,9.2%,9.2%,9.2%,9.5%
39,China Beidahuang Industry Group Holdings Limited,Consumer Discretionary,Distributors,Retailing,158 M,2022,112.5%,112.5%,109.8%,109.8%,96.4%,96.4%,102.8%,102.8%,98.6%,98.6%,106.3%,106.3%,99.4%
1208,MMG Limited,Materials,Metals & Mining,Materials,2.432 B,2022,259.5%,259.5%,282.0%,282.0%,333.0%,333.0%,404.9%,404.9%,783.7%,783.7%,906.3%,906.3%,769.5%
158,Melbourne Enterprises Limited,Real Estate,Real Estate Management & Development,Real Estate,388.9 M,2022,0.0%,0.0%,0.0%,0.0%,0.0%,0.0%,0.0%,0.0%,0.0%,0.0%,0.0%,0.0%,0.0%
610,Wai Kee Holdings Limited,Industrials,Construction & Engineering,Capital Goods,171.8 M,2022,18.0%,18.0%,17.7%,17.7%,21.4%,21.4%,24.4%,24.4%,12.5%,12.5%,13.3%,13.3%,14.6%
108,GR Properties Limited,Real Estate,Real Estate Management & Development,Real Estate,387.2 M,2022,60.3%,60.3%,56.1%,56.1%,58.6%,58.6%,60.9%,60.9%,64.2%,64.2%,69.9%,69.9%,34.9%
978,China Merchants Land Limited,Real Estate,Real Estate Management & Development,Real Estate,324.9 M,2022,362.9%,362.9%,521.3%,521.3%,492.3%,492.3%,476.7%,476.7%,381.0%,381.0%,289.9%,289.9%,276.5%
1476,"Hengtai Securities Co., Ltd",Financials,Capital Markets,Diversified Financials,929 M,2022,135.8%,135.8%,127.3%,127.3%,134.2%,134.2%,119.8%,119.8%,105.5%,82.2%,78.2%,78.2%,77.8%
431,Greater China Financial Holdings Limited,Financials,Consumer Finance,Diversified Financials,129.8 M,2022,644.2%,644.2%,292.8%,292.8%,145.9%,145.9%,86.6%,86.6%,50.6%,50.6%,22.2%,22.2%,17.9%
612,China Investment Fund Company Limited,Financials,Capital Markets,Diversified Financials,407.1 M,2022,16.4%,16.4%,14.0%,14.0%,18.0%,18.0%,21.8%,21.8%,41.6%,41.6%,311.8%,311.8%,196.0%
50,Hong Kong Ferry (Holdings) Company Limited,Real Estate,Real Estate Management & Development,Real Estate,331.3 M,2022,0.3%,0.3%,0.4%,0.4%,0.1%,0.1%,0.1%,0.1%,0.1%,0.1%,0.1%,0.1%,0.0%
222,Min Xin Holdings Limited,Financials,Insurance,Insurance,229 M,2022,7.4%,7.4%,6.9%,6.9%,7.5%,7.5%,6.9%,6.9%,7.5%,7.5%,6.5%,6.5%,6.7%
156,Lippo China Resources Limited,Consumer Staples,Food & Staples Retailing,Food & Staples Retailing,139.3 M,2022,39.6%,39.6%,37.5%,42.0%,41.2%,41.2%,31.2%,31.2%,28.1%,28.1%,32.4%,32.4%,44.3%
187,Beijing Jingcheng Machinery Electric Company Limited,Industrials,Machinery,Capital Goods,819.8 M,2022,42.4%,10.5%,14.9%,13.4%,11.6%,15.5%,24.2%,26.4%,37.5%,57.0%,91.0%,104.5%,81.6%
1911,China Renaissance Holdings Limited,Financials,Capital Markets,Diversified Financials,517.7 M,2022,45.9%,45.9%,48.1%,48.1%,36.4%,36.4%,25.8%,25.8%,9.0%,9.0%,4.6%,4.6%,2.6%
1689,Huaxi Holdings Company Limited,Materials,Containers & Packaging,Materials,120.6 M,2022,6.2%,6.2%,0.9%,0.9%,0.2%,0.2%,0.5%,0.5%,1.2%,1.2%,0.0%,0.0%,0.0%
1316,Nexteer Automotive Group Limited,Consumer Discretionary,Auto Components,Automobiles & Components,1.576 B,2022,5.7%,5.7%,8.8%,8.8%,7.5%,7.5%,9.4%,9.4%,16.3%,16.3%,20.9%,20.9%,20.4%
8032,Viva China Holdings Limited,Consumer Discretionary,"Textiles, Apparel & Luxury Goods",Consumer Durables & Apparel,1.665 B,2022,28.8%,6.8%,6.8%,6.4%,6.4%,NA,6.0%,38.5%,38.5%,NA,35.8%,47.7%,47.7%
2112,Grace Life-tech Holdings Limited,Industrials,Trading Companies & Distributors,Capital Goods,110.8 M,2022,-592.6%,-592.6%,-685.9%,-685.9%,"3,436.9%","3,436.9%",471.9%,471.9%,263.5%,263.5%,175.6%,175.6%,87.4%
3688,Top Spring International Holdings Limited,Real Estate,Real Estate Management & Development,Real Estate,196.8 M,2022,100.5%,100.5%,99.4%,99.4%,101.6%,101.6%,107.9%,107.9%,110.1%,110.1%,99.6%,99.6%,91.8%
1263,PC Partner Group Limited,Information Technology,"Technology Hardware, Storage & Peripherals",Technology Hardware & Equipment,286.6 M,2022,65.5%,65.5%,31.5%,31.5%,26.7%,26.7%,46.6%,46.6%,109.9%,109.9%,163.9%,163.9%,185.7%
1415,Cowell e Holdings Inc.,Information Technology,"Electronic Equipment, Instruments & Components",Technology Hardware & Equipment,2.101 B,2022,11.0%,11.0%,54.1%,54.1%,30.0%,30.0%,5.8%,5.8%,5.8%,5.8%,4.7%,4.7%,4.5%
1347,Hua Hong Semiconductor Limited,Information Technology,Semiconductors & Semiconductor Equipment,Semiconductors & Semiconductor Equipment,5.821 B,2022,64.1%,55.3%,55.3%,56.0%,50.5%,29.3%,28.6%,23.2%,11.2%,1.9%,2.0%,2.0%,2.1%
1811,"CGN New Energy Holdings Co., Ltd.",Utilities,Independent Power & Renewable Electricity Producers,Utilities,1.377 B,2022,435.2%,435.2%,441.4%,441.4%,479.7%,479.7%,444.9%,444.9%,422.3%,422.3%,424.4%,424.4%,397.9%
6836,Tianyun International Holdings Limited,Consumer Staples,Food Products,"Food, Beverage & Tobacco",187.6 M,2022,17.4%,17.4%,19.1%,19.1%,23.8%,23.8%,25.8%,25.8%,26.3%,26.3%,25.1%,25.1%,35.8%
6896,Golden Throat Holdings Group Company Limited,Consumer Staples,Personal Products,Household & Personal Products,243 M,2022,23.3%,23.3%,17.2%,17.2%,16.7%,16.7%,12.5%,12.5%,18.3%,18.3%,8.3%,8.3%,34.7%
1349,"Shanghai Fudan-Zhangjiang Bio-Pharmaceutical Co.,Ltd.",Healthcare,Pharmaceuticals,"Pharmaceuticals, Biotechnology & Life Sciences",1.049 B,2022,1.2%,1.2%,1.3%,1.3%,1.4%,1.6%,1.1%,0.9%,1.0%,6.0%,8.8%,16.6%,16.6%
2317,Vedan International (Holdings) Limited,Consumer Staples,Food Products,"Food, Beverage & Tobacco",100.9 M,2022,21.6%,21.6%,18.1%,18.1%,14.4%,14.4%,16.6%,16.6%,16.4%,16.4%,17.8%,17.8%,15.0%
2899,Zijin Mining Group Company Limited,Materials,Metals & Mining,Materials,40.854 B,2022,135.8%,137.1%,115.9%,111.0%,110.6%,111.1%,126.3%,131.6%,134.0%,120.9%,113.4%,91.3%,106.5%
89,Tai Sang Land Development Limited,Real Estate,Real Estate Management & Development,Real Estate,148.1 M,2022,29.6%,29.6%,29.3%,29.3%,31.4%,31.4%,30.8%,30.8%,30.3%,30.3%,26.7%,26.7%,25.8%
981,Semiconductor Manufacturing International Corporation,Information Technology,Semiconductors & Semiconductor Equipment,Semiconductors & Semiconductor Equipment,26.279 B,2022,42.7%,39.9%,37.9%,39.5%,38.8%,37.6%,37.8%,42.0%,29.9%,60.2%,80.1%,64.2%,72.9%
568,Shandong Molong Petroleum Machinery Company Limited,Energy,Energy Equipment & Services,Energy,390.4 M,2022,200.9%,196.1%,182.1%,148.5%,123.8%,120.5%,131.4%,130.1%,174.5%,163.0%,154.5%,141.4%,145.7%
669,Techtronic Industries Company Limited,Industrials,Machinery,Capital Goods,19.938 B,2022,74.1%,74.1%,78.4%,78.4%,81.4%,81.4%,80.1%,80.1%,44.3%,44.3%,61.8%,61.8%,51.2%
450,Hung Hing Printing Group Limited,Materials,Containers & Packaging,Materials,126.1 M,2022,7.5%,7.5%,8.2%,8.2%,6.3%,6.3%,4.3%,4.3%,4.0%,4.0%,4.6%,4.6%,4.6%
228,China Energy Development Holdings Limited,Energy,"Oil, Gas & Consumable Fuels",Energy,124.7 M,2022,35.2%,35.2%,34.9%,34.9%,32.3%,32.3%,31.7%,31.7%,30.5%,30.5%,8.3%,8.3%,8.1%
1868,Neo-Neon Holdings Limited,Industrials,Electrical Equipment,Capital Goods,116.1 M,2022,3.4%,3.4%,7.7%,7.7%,6.0%,6.0%,7.2%,7.2%,22.1%,22.1%,33.4%,33.4%,29.3%
952,China Tonghai International Financial Limited,Financials,Capital Markets,Diversified Financials,152.7 M,2022,35.5%,35.5%,43.1%,43.1%,31.4%,31.4%,33.2%,33.2%,43.6%,43.6%,36.8%,36.8%,36.4%
2166,Smart-Core Holdings Limited,Information Technology,"Electronic Equipment, Instruments & Components",Technology Hardware & Equipment,127.2 M,2022,120.6%,120.6%,178.7%,178.7%,207.3%,207.3%,196.4%,196.4%,119.7%,119.7%,62.1%,62.1%,78.9%
1216,"Zhongyuan Bank Co., Ltd.",Financials,Banks,Banks,2.933 B,2022,397.3%,374.9%,374.9%,412.0%,311.7%,329.8%,356.6%,407.9%,409.5%,371.7%,337.0%,408.0%,322.4%
1272,"Datang Environment Industry Group Co., Ltd.",Industrials,Commercial Services & Supplies,Commercial & Professional Services,359.1 M,2022,79.9%,NA,81.2%,67.5%,86.6%,63.1%,72.7%,55.4%,84.1%,81.3%,92.1%,85.6%,100.4%
1856,Ernest Borel Holdings Limited,Consumer Discretionary,"Textiles, Apparel & Luxury Goods",Consumer Durables & Apparel,106.2 M,2022,284.4%,284.4%,262.9%,262.9%,191.6%,191.6%,182.6%,182.6%,167.5%,167.5%,146.4%,146.4%,79.3%
2399,China Anchu Energy Storage Group Limited,Consumer Discretionary,"Textiles, Apparel & Luxury Goods",Consumer Durables & Apparel,146.5 M,2022,112.0%,112.0%,103.9%,103.9%,98.0%,98.0%,94.0%,94.0%,50.7%,50.7%,46.3%,46.3%,38.2%
2232,Crystal International Group Limited,Consumer Discretionary,"Textiles, Apparel & Luxury Goods",Consumer Durables & Apparel,1.047 B,2022,9.9%,9.9%,11.8%,11.8%,15.4%,15.4%,17.5%,17.5%,17.4%,17.4%,28.5%,28.5%,28.2%
1697,"Shandong International Trust Co., Ltd.",Financials,Capital Markets,Diversified Financials,231.5 M,2022,20.4%,20.4%,15.2%,15.2%,15.1%,15.1%,1.0%,1.0%,3.0%,3.0%,3.3%,3.3%,4.5%
1652,Fusen Pharmaceutical Company Limited,Healthcare,Pharmaceuticals,"Pharmaceuticals, Biotechnology & Life Sciences",117.9 M,2022,44.4%,44.4%,36.6%,36.6%,22.4%,22.4%,30.1%,30.1%,34.3%,34.3%,31.2%,31.2%,26.9%
1741,Ri Ying Holdings Limited,Industrials,Construction & Engineering,Capital Goods,136.6 M,2022,13.0%,13.0%,2.0%,2.0%,2.2%,2.2%,13.3%,13.3%,3.7%,3.7%,4.1%,4.1%,5.1%
2448,Space Group Holdings Limited,Industrials,Construction & Engineering,Capital Goods,349.1 M,2022,73.4%,73.4%,78.6%,78.6%,86.2%,86.2%,79.4%,79.4%,99.3%,99.3%,70.1%,70.1%,56.0%
6088,FIT Hon Teng Limited,Information Technology,"Electronic Equipment, Instruments & Components",Technology Hardware & Equipment,1.715 B,2022,46.0%,46.0%,55.2%,55.2%,55.2%,55.2%,55.1%,55.1%,56.0%,56.0%,54.5%,54.5%,53.5%
6885,Henan Jinma Energy Company Limited,Materials,Metals & Mining,Materials,196.4 M,2022,92.3%,92.3%,75.4%,75.4%,56.0%,56.0%,32.1%,32.1%,35.2%,35.2%,40.1%,40.1%,39.9%
2337,United Strength Power Holdings Limited,Consumer Discretionary,Specialty Retail,Retailing,290.1 M,2022,156.5%,156.5%,166.2%,166.2%,169.9%,169.9%,258.8%,258.8%,42.6%,42.6%,107.9%,107.9%,41.2%
1916,"Jiangxi Bank Co., Ltd.",Financials,Banks,Banks,782.8 M,2022,235.5%,235.5%,228.1%,228.1%,204.5%,204.5%,230.0%,230.0%,274.8%,274.8%,293.8%,293.8%,282.1%
1731,Prosperous Industrial (Holdings) Limited,Consumer Discretionary,"Textiles, Apparel & Luxury Goods",Consumer Durables & Apparel,101.3 M,2022,4.2%,4.2%,5.4%,5.4%,5.5%,5.5%,5.5%,5.5%,6.0%,6.0%,7.1%,7.1%,10.7%
797,7Road Holdings Limited,Communication Services,Entertainment,Media,834.8 M,2022,12.8%,12.8%,5.5%,5.5%,0.4%,0.4%,4.3%,4.3%,5.7%,5.7%,5.1%,5.1%,4.8%
1735,Central Holding Group Co. Ltd.,Industrials,Construction & Engineering,Capital Goods,2.298 B,2022,13.9%,13.9%,49.3%,49.3%,5.0%,0.3%,0.4%,0.4%,0.5%,0.5%,0.0%,0.0%,0.0%
2798,Perennial Energy Holdings Limited,Materials,Metals & Mining,Materials,236.4 M,2022,32.0%,32.0%,39.9%,39.9%,29.7%,29.7%,25.6%,25.6%,24.9%,24.9%,14.1%,14.1%,17.9%
6117,"Rizhao Port Jurong Co., Ltd.",Industrials,Transportation Infrastructure,Transportation,116.3 M,2022,9.6%,9.6%,10.3%,10.3%,9.0%,9.0%,9.3%,9.3%,14.6%,14.6%,15.2%,15.2%,19.1%
6805,Kimou Environmental Holding Limited,Industrials,Commercial Services & Supplies,Commercial & Professional Services,130.2 M,2022,195.7%,195.7%,174.5%,174.5%,160.5%,160.5%,154.5%,154.5%,127.2%,127.2%,104.0%,104.0%,102.8%
1860,Mobvista Inc.,Communication Services,Media,Media,804.4 M,2022,53.6%,53.6%,27.8%,27.8%,40.1%,40.1%,25.4%,25.4%,19.1%,19.1%,24.4%,24.4%,17.0%
1713,"Sichuan Energy Investment Development Co., Ltd.",Utilities,Electric Utilities,Utilities,238.1 M,2022,10.6%,10.6%,10.7%,10.7%,10.6%,10.6%,13.6%,13.6%,22.8%,22.8%,22.4%,22.4%,28.8%
975,Mongolian Mining Corporation,Materials,Metals & Mining,Materials,382.5 M,2022,40.3%,40.3%,52.7%,52.7%,50.5%,50.5%,51.6%,51.6%,50.7%,50.7%,51.9%,51.9%,51.7%
1901,Feiyang International Holdings Group Limited,Consumer Discretionary,"Hotels, Restaurants & Leisure",Consumer Services,113.1 M,2022,252.4%,252.4%,917.5%,917.5%,779.4%,779.4%,198.6%,198.6%,133.7%,133.7%,111.3%,111.3%,91.8%
1521,Frontage Holdings Corporation,Healthcare,Life Sciences Tools & Services,"Pharmaceuticals, Biotechnology & Life Sciences",599.3 M,2022,20.7%,20.7%,18.1%,18.1%,14.6%,14.6%,14.1%,14.1%,14.1%,14.1%,7.9%,7.9%,7.9%
1551,"Guangzhou Rural Commercial Bank Co., Ltd.",Financials,Banks,Banks,3.603 B,2022,295.3%,295.3%,254.1%,254.1%,203.7%,203.7%,200.9%,200.9%,198.8%,198.8%,187.6%,187.6%,230.2%
2588,BOC Aviation Limited,Industrials,Trading Companies & Distributors,Capital Goods,5.305 B,2022,291.4%,291.4%,330.3%,330.3%,319.3%,319.3%,343.5%,343.5%,354.3%,354.3%,348.8%,348.8%,295.6%
1725,Hong Kong Aerospace Technology Group Limited,Information Technology,"Electronic Equipment, Instruments & Components",Technology Hardware & Equipment,461.3 M,2022,174.8%,174.8%,62.3%,62.3%,39.1%,39.1%,13.1%,13.1%,8.1%,8.1%,11.5%,11.5%,13.6%
6190,"Bank of Jiujiang Co., Ltd.",Financials,Banks,Banks,2.926 B,2022,170.1%,181.9%,200.0%,183.3%,215.6%,212.9%,229.5%,242.0%,242.0%,282.6%,282.6%,265.4%,265.4%
1034,Fullwealth International Group Holdings Limited,Industrials,Construction & Engineering,Capital Goods,201.8 M,2022,9.4%,9.4%,8.5%,8.5%,1.6%,1.6%,8.1%,8.1%,12.6%,12.6%,14.3%,14.3%,18.7%
672,Zhong An Group Limited,Real Estate,Real Estate Management & Development,Real Estate,167.3 M,2022,157.7%,157.7%,200.1%,200.1%,189.6%,189.6%,176.6%,176.6%,176.7%,176.7%,119.1%,119.1%,90.3%
1400,Moody Technology Holdings Limited,Consumer Discretionary,"Textiles, Apparel & Luxury Goods",Consumer Durables & Apparel,162.3 M,2022,-93.6%,-93.6%,-92.7%,-92.7%,-97.7%,-97.7%,-99.1%,-99.1%,-114.6%,-114.6%,-126.2%,-126.2%,-165.6%
2276,"Shanghai Conant Optical Co., Ltd.",Healthcare,Healthcare Equipment & Supplies,Healthcare Equipment & Services,256.5 M,2022,31.0%,31.0%,44.6%,44.6%,63.9%,63.9%,NA,134.4%,NA,NA,NA,NA,NA
2216,Broncus Holding Corporation,Healthcare,Healthcare Equipment & Supplies,Healthcare Equipment & Services,104.7 M,2022,0.7%,0.7%,0.8%,0.8%,-133.6%,-133.6%,-126.3%,-126.3%,NA,-121.5%,NA,NA,NA
2215,Dexin Services Group Limited,Real Estate,Real Estate Management & Development,Real Estate,333.9 M,2022,5.7%,5.7%,0.5%,0.5%,3.2%,3.2%,7.3%,7.3%,NA,22.4%,NA,NA,NA
2207,"Ronshine Service Holding Co., Ltd",Real Estate,Real Estate Management & Development,Real Estate,271.9 M,2022,0.9%,0.9%,1.2%,1.2%,7.2%,7.2%,15.2%,15.2%,NA,1.3%,NA,NA,NA
1463,C-Link Squared Limited,Industrials,Professional Services,Commercial & Professional Services,431.1 M,2022,17.4%,17.4%,19.4%,19.4%,20.3%,20.3%,23.3%,23.3%,24.0%,24.0%,34.8%,NA,NA
9986,Dashan Education Holdings Limited,Consumer Discretionary,Diversified Consumer Services,Consumer Services,318 M,2022,3.4%,3.4%,9.2%,9.2%,64.6%,64.6%,70.0%,70.0%,332.1%,332.1%,278.4%,278.4%,NA
1748,Xin Yuan Enterprises Group Limited,Industrials,Marine,Transportation,144.1 M,2022,66.5%,66.5%,59.7%,59.7%,68.4%,68.4%,74.9%,74.9%,87.4%,87.4%,104.6%,104.6%,96.6%
1183,MECOM Power and Construction Limited,Industrials,Construction & Engineering,Capital Goods,515.9 M,2022,0.0%,0.0%,0.0%,0.0%,0.0%,0.0%,0.0%,0.0%,0.0%,0.0%,0.0%,0.0%,0.0%
1978,LH Group Limited,Consumer Discretionary,"Hotels, Restaurants & Leisure",Consumer Services,131.5 M,2022,66.3%,66.3%,47.2%,47.2%,51.3%,51.3%,45.6%,45.6%,73.0%,73.0%,105.2%,105.2%,70.9%
1983,"Luzhou Bank Co., Ltd.",Financials,Banks,Banks,875.9 M,2022,220.6%,241.5%,249.3%,292.7%,292.7%,293.7%,293.7%,254.9%,254.9%,246.6%,290.8%,308.7%,308.7%
2236,Wison Engineering Services Co. Ltd.,Energy,Energy Equipment & Services,Energy,212.8 M,2022,33.1%,33.1%,32.7%,32.7%,29.4%,29.4%,25.7%,25.7%,30.4%,30.4%,42.4%,42.4%,12.0%
875,China Finance Investment Holdings Limited,Consumer Staples,Food Products,"Food, Beverage & Tobacco",236.3 M,2022,107.5%,107.5%,80.5%,80.5%,81.0%,81.0%,101.3%,101.3%,70.7%,70.7%,162.4%,162.4%,106.1%
661,China Daye Non-Ferrous Metals Mining Limited,Materials,Metals & Mining,Materials,161.9 M,2022,341.0%,341.0%,314.3%,314.3%,310.0%,310.0%,304.9%,304.9%,453.5%,453.5%,446.3%,446.3%,501.0%
1290,China Huirong Financial Holdings Limited,Financials,Consumer Finance,Diversified Financials,145.8 M,2022,35.1%,35.1%,32.3%,32.3%,38.1%,38.1%,29.2%,29.2%,30.5%,30.5%,56.0%,56.0%,62.5%
1910,Samsonite International S.A.,Consumer Discretionary,"Textiles, Apparel & Luxury Goods",Consumer Durables & Apparel,4.403 B,2022,231.4%,303.8%,376.4%,409.2%,467.8%,630.9%,646.8%,632.8%,590.8%,451.2%,402.1%,288.5%,123.3%
1115,Tibet Water Resources Ltd.,Consumer Staples,Beverages,"Food, Beverage & Tobacco",214.7 M,2022,30.1%,30.1%,27.0%,27.0%,28.9%,28.9%,33.5%,33.5%,38.4%,38.4%,37.2%,37.2%,35.5%
1817,Mulsanne Group Holding Limited,Consumer Discretionary,Specialty Retail,Retailing,303.8 M,2022,244.3%,244.3%,177.7%,177.7%,184.9%,184.9%,154.1%,154.1%,203.5%,203.5%,132.3%,132.3%,167.7%
3939,Wanguo International Mining Group Limited,Materials,Metals & Mining,Materials,208.9 M,2022,16.5%,16.5%,18.7%,18.7%,12.4%,12.4%,11.1%,11.1%,15.1%,15.1%,17.3%,17.3%,8.1%
273,Mason Group Holdings Limited,Financials,Capital Markets,Diversified Financials,163.9 M,2022,0.7%,0.7%,0.4%,0.4%,0.7%,0.7%,5.6%,5.6%,11.0%,11.0%,16.1%,16.1%,14.2%
329,OCI International Holdings Limited,Financials,Capital Markets,Diversified Financials,137.6 M,2022,16.5%,16.5%,24.6%,24.6%,59.2%,59.2%,86.9%,86.9%,233.4%,233.4%,289.3%,289.3%,313.0%
1258,China Nonferrous Mining Corporation Limited,Materials,Metals & Mining,Materials,1.777 B,2022,53.5%,53.5%,57.5%,57.5%,73.3%,73.3%,97.3%,97.3%,136.6%,136.6%,120.5%,120.5%,129.8%
1231,Newton Resources Ltd,Industrials,Trading Companies & Distributors,Capital Goods,346.5 M,2022,17.0%,17.0%,16.3%,16.3%,18.7%,18.7%,18.5%,18.5%,66.0%,66.0%,37.3%,37.3%,242.3%
1127,Lion Rock Group Limited,Industrials,Commercial Services & Supplies,Commercial & Professional Services,108.9 M,2022,32.8%,32.8%,27.3%,27.3%,27.0%,27.0%,25.3%,25.3%,31.0%,31.0%,28.9%,28.9%,34.5%
1029,IRC Limited,Materials,Metals & Mining,Materials,112.9 M,2022,23.7%,23.7%,22.5%,22.5%,41.7%,41.7%,54.7%,54.7%,77.3%,77.3%,83.7%,83.7%,89.1%
799,IGG Inc,Communication Services,Entertainment,Media,415.5 M,2022,3.3%,3.3%,4.8%,4.8%,2.5%,2.5%,2.3%,2.3%,2.1%,2.1%,3.0%,3.0%,3.8%
6828,Beijing Gas Blue Sky Holdings Limited,Utilities,Gas Utilities,Utilities,295.4 M,2022,584.4%,584.4%,595.2%,595.2%,539.6%,539.6%,470.8%,470.8%,76.8%,76.8%,68.2%,68.2%,52.1%
1697,"Shandong International Trust Co., Ltd.",Financials,Capital Markets,Diversified Financials,231.5 M,2022,20.4%,20.4%,15.2%,15.2%,15.1%,15.1%,1.0%,1.0%,3.0%,3.0%,3.3%,3.3%,4.5%
797,7Road Holdings Limited,Communication Services,Entertainment,Media,834.8 M,2022,12.8%,12.8%,5.5%,5.5%,0.4%,0.4%,4.3%,4.3%,5.7%,5.7%,5.1%,5.1%,4.8%
1916,"Jiangxi Bank Co., Ltd.",Financials,Banks,Banks,782.8 M,2022,235.5%,235.5%,228.1%,228.1%,204.5%,204.5%,230.0%,230.0%,274.8%,274.8%,293.8%,293.8%,282.1%
1725,Hong Kong Aerospace Technology Group Limited,Information Technology,"Electronic Equipment, Instruments & Components",Technology Hardware & Equipment,461.3 M,2022,174.8%,174.8%,62.3%,62.3%,39.1%,39.1%,13.1%,13.1%,8.1%,8.1%,11.5%,11.5%,13.6%
1741,Ri Ying Holdings Limited,Industrials,Construction & Engineering,Capital Goods,136.6 M,2022,13.0%,13.0%,2.0%,2.0%,2.2%,2.2%,13.3%,13.3%,3.7%,3.7%,4.1%,4.1%,5.1%
6885,Henan Jinma Energy Company Limited,Materials,Metals & Mining,Materials,196.4 M,2022,92.3%,92.3%,75.4%,75.4%,56.0%,56.0%,32.1%,32.1%,35.2%,35.2%,40.1%,40.1%,39.9%
1034,Fullwealth International Group Holdings Limited,Industrials,Construction & Engineering,Capital Goods,201.8 M,2022,9.4%,9.4%,8.5%,8.5%,1.6%,1.6%,8.1%,8.1%,12.6%,12.6%,14.3%,14.3%,18.7%
1442,Infinity Logistics and Transport Ventures Limited,Industrials,Air Freight & Logistics,Transportation,297.1 M,2022,55.8%,55.8%,36.7%,36.7%,40.7%,40.7%,50.8%,50.8%,52.9%,52.9%,115.9%,115.9%,108.5%
6199,"Bank of Guizhou Co., Ltd.",Financials,Banks,Banks,3.327 B,2022,341.7%,341.7%,337.7%,309.9%,267.0%,267.0%,272.0%,272.0%,252.4%,252.4%,284.1%,284.1%,386.5%
6928,TOMO Holdings Limited,Consumer Discretionary,Auto Components,Automobiles & Components,165.7 M,2022,0.4%,0.4%,0.0%,0.0%,0.1%,0.1%,0.2%,0.2%,0.3%,0.3%,0.3%,0.4%,0.4%
1745,Lvji Technology Holdings Inc.,Information Technology,Software,Software & Services,127.2 M,2022,1.1%,1.1%,0.3%,0.3%,0.5%,0.5%,0.4%,0.4%,0.5%,0.5%,0.5%,0.5%,0.8%
2231,JY Grandmark Holdings Limited,Real Estate,Real Estate Management & Development,Real Estate,251.7 M,2022,150.0%,150.0%,146.7%,146.7%,104.5%,104.5%,104.8%,104.8%,150.8%,150.8%,123.9%,123.9%,237.3%
1692,Town Ray Holdings Limited,Consumer Discretionary,Household Durables,Consumer Durables & Apparel,146.3 M,2022,17.3%,17.3%,43.0%,43.0%,34.7%,34.7%,14.5%,14.5%,16.9%,16.9%,16.7%,16.7%,21.5%
1691,JS Global Lifestyle Company Limited,Consumer Discretionary,Household Durables,Consumer Durables & Apparel,3.46 B,2022,60.4%,60.4%,55.3%,55.3%,60.7%,60.7%,63.0%,63.0%,108.9%,108.9%,88.3%,88.3%,679.5%
672,Zhong An Group Limited,Real Estate,Real Estate Management & Development,Real Estate,167.3 M,2022,157.7%,157.7%,200.1%,200.1%,189.6%,189.6%,176.6%,176.6%,176.7%,176.7%,119.1%,119.1%,90.3%
6908,HG Semiconductor Limited,Information Technology,Semiconductors & Semiconductor Equipment,Semiconductors & Semiconductor Equipment,131.1 M,2022,5.5%,5.5%,5.2%,5.2%,21.0%,21.0%,8.8%,8.8%,6.0%,6.0%,10.1%,5.4%,5.4%
3886,Town Health International Medical Group Limited,Healthcare,Healthcare Providers & Services,Healthcare Equipment & Services,280.4 M,2022,3.9%,3.9%,4.0%,4.0%,3.9%,3.9%,4.8%,4.8%,4.1%,4.1%,4.7%,4.7%,4.0%
1967,Confidence Intelligence Holdings Limited,Information Technology,"Electronic Equipment, Instruments & Components",Technology Hardware & Equipment,738.9 M,2022,7.6%,7.6%,8.8%,8.8%,7.2%,7.2%,7.1%,7.1%,3.6%,3.6%,6.0%,6.0%,NA
1084,Green Future Food Hydrocolloid Marine Science Company Limited,Materials,Chemicals,Materials,134.6 M,2022,71.8%,71.8%,74.2%,74.2%,70.9%,70.9%,70.0%,70.0%,62.8%,62.8%,53.8%,53.8%,92.1%
1400,Moody Technology Holdings Limited,Consumer Discretionary,"Textiles, Apparel & Luxury Goods",Consumer Durables & Apparel,162.3 M,2022,-93.6%,-93.6%,-92.7%,-92.7%,-97.7%,-97.7%,-99.1%,-99.1%,-114.6%,-114.6%,-126.2%,-126.2%,-165.6%
1853,Jilin Province Chuncheng Heating Company Limited,Utilities,Water Utilities,Utilities,115.9 M,2022,40.0%,40.0%,0.2%,0.2%,0.4%,0.4%,0.4%,0.4%,9.7%,9.7%,4.7%,4.7%,17.4%
1332,Touyun Biotech Group Limited,Materials,Containers & Packaging,Materials,246.6 M,2022,119.6%,119.6%,87.5%,87.5%,84.9%,84.9%,65.9%,65.9%,42.1%,42.1%,48.2%,48.2%,37.4%
1876,Budweiser Brewing Company APAC Limited,Consumer Staples,Beverages,"Food, Beverage & Tobacco",40.082 B,2022,2.1%,2.3%,2.3%,1.8%,1.8%,2.6%,2.6%,2.2%,2.2%,8.4%,8.4%,3.2%,3.2%
1821,ESR Group Limited,Real Estate,Real Estate Management & Development,Real Estate,7.664 B,2022,62.7%,62.7%,55.1%,55.1%,102.4%,102.4%,93.9%,93.9%,92.0%,92.0%,96.3%,96.3%,85.7%
1921,Dalipal Holdings Limited,Energy,Energy Equipment & Services,Energy,421.9 M,2022,138.8%,138.8%,175.6%,175.6%,183.3%,183.3%,175.8%,175.8%,152.3%,152.3%,134.2%,134.2%,145.5%
1713,"Sichuan Energy Investment Development Co., Ltd.",Utilities,Electric Utilities,Utilities,238.1 M,2022,10.6%,10.6%,10.7%,10.7%,10.6%,10.6%,13.6%,13.6%,22.8%,22.8%,22.4%,22.4%,28.8%
1978,LH Group Limited,Consumer Discretionary,"Hotels, Restaurants & Leisure",Consumer Services,131.5 M,2022,66.3%,66.3%,47.2%,47.2%,51.3%,51.3%,45.6%,45.6%,73.0%,73.0%,105.2%,105.2%,70.9%
9936,Ximei Resources Holding Limited,Materials,Metals & Mining,Materials,176.6 M,2022,77.6%,77.6%,60.1%,60.1%,42.2%,42.2%,51.6%,51.6%,50.2%,50.2%,46.1%,46.1%,NA
975,Mongolian Mining Corporation,Materials,Metals & Mining,Materials,382.5 M,2022,40.3%,40.3%,52.7%,52.7%,50.5%,50.5%,51.6%,51.6%,50.7%,50.7%,51.9%,51.9%,51.7%
3390,Tycoon Group Holdings Limited,Healthcare,Healthcare Providers & Services,Healthcare Equipment & Services,547.3 M,2022,106.7%,106.7%,92.7%,92.7%,78.1%,78.1%,68.8%,68.8%,26.8%,26.8%,140.8%,140.8%,NA
9986,Dashan Education Holdings Limited,Consumer Discretionary,Diversified Consumer Services,Consumer Services,318 M,2022,3.4%,3.4%,9.2%,9.2%,64.6%,64.6%,70.0%,70.0%,332.1%,332.1%,278.4%,278.4%,NA
6968,Ganglong China Property Group Limited,Real Estate,Real Estate Management & Development,Real Estate,107.4 M,2022,285.5%,285.5%,341.0%,341.0%,344.8%,344.8%,396.5%,396.5%,681.4%,681.4%,810.5%,810.5%,NA
9906,Honliv Healthcare Management Group Company Limited,Healthcare,Healthcare Providers & Services,Healthcare Equipment & Services,183.4 M,2022,27.4%,27.4%,33.5%,33.5%,42.9%,42.9%,47.6%,47.6%,102.2%,102.2%,116.4%,116.4%,NA
2148,"Vesync Co., Ltd",Consumer Discretionary,Household Durables,Consumer Durables & Apparel,505.2 M,2022,17.2%,17.2%,15.4%,15.4%,9.4%,9.4%,5.7%,5.7%,52.9%,52.9%,216.9%,216.9%,NA
846,Mingfa Group (International) Company Limited,Real Estate,Real Estate Management & Development,Real Estate,291.1 M,2022,62.0%,62.0%,70.4%,70.4%,66.9%,66.9%,85.6%,85.6%,85.6%,85.6%,95.0%,95.0%,106.0%
2146,"Roiserv Lifestyle Services Co., Ltd.",Real Estate,Real Estate Management & Development,Real Estate,100.6 M,2022,0.5%,0.5%,0.7%,0.7%,0.7%,0.7%,2.4%,2.4%,2.4%,2.4%,41.3%,41.3%,NA
9600,Newlink Technology Inc.,Information Technology,IT Services,Software & Services,198.4 M,2022,2.1%,2.1%,1.3%,1.3%,2.7%,2.7%,12.0%,12.0%,5.9%,5.9%,26.6%,26.6%,NA
1855,ZONBONG LANDSCAPE Environmental Limited,Industrials,Commercial Services & Supplies,Commercial & Professional Services,316 M,2022,107.9%,107.9%,87.0%,87.0%,91.6%,91.6%,101.4%,101.4%,125.3%,125.3%,129.1%,129.1%,NA
2187,Zhixin Group Holding Limited,Materials,Construction Materials,Materials,414.5 M,2022,81.6%,81.6%,76.3%,76.3%,50.3%,50.3%,163.1%,163.1%,NA,225.4%,NA,NA,NA
2096,Simcere Pharmaceutical Group Limited,Healthcare,Pharmaceuticals,"Pharmaceuticals, Biotechnology & Life Sciences",2.942 B,2022,24.7%,24.7%,25.4%,25.4%,37.6%,37.6%,62.2%,62.2%,205.3%,205.3%,198.7%,198.7%,NA
1597,China Nature Energy Technology Holdings Limited,Industrials,Electrical Equipment,Capital Goods,111.1 M,2022,16.8%,16.8%,22.3%,22.3%,21.1%,21.1%,41.7%,41.7%,NA,90.7%,NA,NA,NA
2142,HBM Holdings Limited,Healthcare,Biotechnology,"Pharmaceuticals, Biotechnology & Life Sciences",208.2 M,2022,39.3%,39.3%,8.7%,8.7%,1.7%,1.7%,0.5%,0.5%,-155.6%,-155.6%,-133.1%,-133.1%,NA
2169,Canggang Railway Limited,Industrials,Road & Rail,Transportation,328.7 M,2022,NA,NA,61.7%,61.7%,48.2%,48.2%,48.8%,48.8%,61.5%,61.5%,NA,114.2%,NA
1795,Yadong Group Holdings Limited,Consumer Discretionary,"Textiles, Apparel & Luxury Goods",Consumer Durables & Apparel,203.3 M,2022,113.5%,113.5%,96.4%,96.4%,81.1%,81.1%,46.7%,46.7%,NA,82.3%,NA,NA,NA
9908,"JiaXing Gas Group Co., Ltd.",Utilities,Gas Utilities,Utilities,174.5 M,2022,49.7%,49.7%,50.0%,50.0%,36.9%,36.9%,37.8%,37.8%,99.7%,99.7%,104.8%,104.8%,NA
1370_OLD,Aowei Holding Limited,Materials,Metals & Mining,Materials,160.4 M,2022,28.5%,28.5%,38.7%,38.7%,41.6%,41.6%,48.9%,48.9%,50.6%,50.6%,42.6%,42.6%,38.2%
1370,Aowei Holding Limited,Materials,Metals & Mining,Materials,160.4 M,2022,28.5%,28.5%,38.7%,38.7%,41.6%,41.6%,48.9%,48.9%,50.6%,50.6%,42.6%,42.6%,38.2%
2482,"Logory Logistics Technology Co., Ltd.",Industrials,Road & Rail,Transportation,493.6 M,2022,NA,NA,NA,17.9%,NA,NA,NA,NA,NA,NA,NA,NA,NA
2237,China Graphite Group Limited,Materials,Metals & Mining,Materials,262.9 M,2022,NA,NA,39.1%,39.1%,NA,NA,NA,69.5%,NA,NA,NA,NA,NA
2459,Sanergy Group Limited,Industrials,Electrical Equipment,Capital Goods,222.9 M,2022,27.9%,27.9%,20.0%,20.0%,NA,17.8%,NA,NA,NA,NA,NA,NA,NA
2306,YH Entertainment Group,Communication Services,Entertainment,Media,513.1 M,2022,-61.4%,NA,NA,NA,219.5%,NA,NA,NA,NA,NA,NA,NA,NA
6610,Flowing Cloud Technology Ltd,Communication Services,Media,Media,650.2 M,2022,NA,NA,NA,9.4%,NA,NA,NA,NA,NA,NA,NA,NA,NA
2257,Sirnaomics Ltd.,Healthcare,Biotechnology,"Pharmaceuticals, Biotechnology & Life Sciences",627.2 M,2022,14.8%,14.8%,7.3%,NA,NA,-211.5%,-211.5%,NA,NA,NA,NA,NA,NA
2215,Dexin Services Group Limited,Real Estate,Real Estate Management & Development,Real Estate,333.9 M,2022,5.7%,5.7%,0.5%,0.5%,3.2%,3.2%,7.3%,7.3%,NA,22.4%,NA,NA,NA
2425,AustAsia Group Ltd.,Consumer Staples,Food Products,"Food, Beverage & Tobacco",312.3 M,2022,62.8%,62.8%,60.1%,60.1%,56.6%,56.6%,NA,33.6%,NA,NA,NA,NA,NA
1563,Alliance International Education Leasing Holdings Limited,Financials,Diversified Financial Services,Diversified Financials,1.053 B,2022,20.9%,20.9%,43.8%,43.8%,70.4%,70.4%,94.3%,94.3%,138.8%,138.8%,179.3%,179.3%,142.4%
1907,China Risun Group Limited,Materials,Chemicals,Materials,2.08 B,2022,161.7%,161.7%,125.6%,125.6%,110.1%,110.1%,128.9%,128.9%,146.5%,146.5%,130.1%,130.1%,123.7%
2558,"Jinshang Bank Co., Ltd.",Financials,Banks,Banks,914.9 M,2022,260.1%,260.1%,350.8%,350.8%,336.7%,336.7%,326.8%,326.8%,323.3%,323.3%,326.7%,326.7%,341.8%
1966,China SCE Group Holdings Limited,Real Estate,Real Estate Management & Development,Real Estate,425 M,2022,241.6%,241.6%,268.0%,268.0%,244.4%,244.4%,265.4%,265.4%,295.6%,295.6%,319.3%,319.3%,258.9%
2118,Tian Shan Development (Holding) Limited,Real Estate,Real Estate Management & Development,Real Estate,252.4 M,-,NA,NA,288.5%,288.5%,307.8%,307.8%,334.6%,334.6%,339.7%,339.7%,332.8%,332.8%,349.0%
30,Ban Loong Holdings Limited,Consumer Staples,Food & Staples Retailing,Food & Staples Retailing,215.7 M,-,NA,NA,65.7%,65.7%,60.4%,60.4%,9.5%,9.5%,10.3%,10.3%,10.7%,10.7%,9.0%
680,Nan Hai Corporation Limited,Communication Services,Entertainment,Media,306.1 M,-,NA,NA,837.4%,837.4%,760.9%,760.9%,827.9%,827.9%,530.2%,530.2%,468.3%,468.3%,321.9%
2183,Sansheng Holdings (Group) Co. Ltd.,Real Estate,Real Estate Management & Development,Real Estate,248.7 M,-,583.5%,583.5%,704.2%,704.2%,989.7%,989.7%,906.2%,906.2%,533.2%,533.2%,529.1%,529.1%,661.7%
678,Genting Hong Kong Limited,Consumer Discretionary,"Hotels, Restaurants & Leisure",Consumer Services,448.5 M,-,NA,NA,154.5%,154.5%,120.4%,120.4%,91.1%,91.1%,64.7%,64.7%,58.3%,58.3%,49.4%
1777,"Fantasia Holdings Group Co., Limited",Real Estate,Real Estate Management & Development,Real Estate,147.1 M,-,NA,NA,369.3%,369.3%,330.6%,330.6%,313.0%,313.0%,287.3%,287.3%,318.5%,318.5%,341.6%
2341,EcoGreen International Group Limited,Materials,Chemicals,Materials,187.6 M,-,83.1%,83.1%,85.2%,85.2%,84.7%,84.7%,81.8%,81.8%,83.1%,83.1%,83.7%,83.7%,81.9%
1885,China Wood Optimization (Holding) Limited,Materials,Paper & Forest Products,Materials,114.7 M,-,21.5%,21.5%,7.8%,7.8%,7.9%,7.9%,8.0%,8.0%,4.3%,4.3%,5.0%,5.0%,12.6%
530,Goldin Financial Holdings Limited,Consumer Staples,Beverages,"Food, Beverage & Tobacco",131.8 M,-,63.3%,63.3%,58.4%,58.4%,105.7%,105.7%,93.6%,93.6%,90.4%,90.4%,206.9%,206.9%,132.4%
708,China Evergrande New Energy Vehicle Group Limited,Healthcare,Healthcare Providers & Services,Healthcare Equipment & Services,4.421 B,-,NA,NA,331.4%,331.4%,"-1,206.6%","-1,206.6%","-1,002.0%","-1,002.0%",-837.6%,-837.6%,"-1,295.7%","-1,295.7%","-2,251.6%"
1909,Fire Rock Holdings Limited,Communication Services,Entertainment,Media,273.9 M,-,NA,NA,71.0%,71.0%,1.1%,1.1%,1.5%,1.5%,2.5%,2.5%,1.0%,0.0%,0.0%
2608,Sunshine 100 China Holdings Ltd,Real Estate,Real Estate Management & Development,Real Estate,120.2 M,-,NA,NA,284.6%,284.6%,281.8%,281.8%,292.5%,292.5%,274.2%,274.2%,341.7%,341.7%,397.3%
2296,Huarchi Global Group Holdings Limited,Industrials,Construction & Engineering,Capital Goods,270.1 M,-,NA,NA,40.2%,40.2%,6.1%,6.1%,14.5%,14.5%,18.0%,18.0%,NA,61.0%,NA
2175,China General Education Group Limited,Consumer Discretionary,Diversified Consumer Services,Consumer Services,200.3 M,-,NA,NA,0.1%,0.1%,NA,NA,NA,0.0%,NA,NA,NA,NA,NA
2421,KRP Development Holdings Limited,Real Estate,Real Estate Management & Development,Real Estate,102.4 M,-,-,-,-,-,-,-,-,-,-,-,-,-,-
9636,JF Wealth Holdings Ltd,Consumer Discretionary,Diversified Consumer Services,Consumer Services,980.2 M,-,-,-,-,-,-,-,-,-,-,-,-,-,-
2297,Rainmed Medical Limited,Healthcare,Healthcare Equipment & Supplies,Healthcare Equipment & Services,169.6 M,-,NA,NA,-0.6%,-0.6%,NA,NA,NA,NA,NA,NA,NA,NA,NA
1244,3D Medicines Inc.,Healthcare,Biotechnology,"Pharmaceuticals, Biotechnology & Life Sciences",2.251 B,-,NA,NA,NA,NA,NA,NA,NA,NA,NA,NA,NA,NA,NA
6922,"Cryofocus Medtech (Shanghai) Co., Ltd.",Healthcare,Healthcare Equipment & Supplies,Healthcare Equipment & Services,561.1 M,-,NA,NA,NA,NA,NA,NA,NA,NA,NA,NA,NA,NA,NA
9658,Super Hi International Holding Ltd.,Consumer Discretionary,"Hotels, Restaurants & Leisure",Consumer Services,1.537 B,-,-,-,-,-,-,-,-,-,-,-,-,-,-
7855,TechStar Acquisition Corporation,Financials,Capital Markets,Diversified Financials,159.2 M,-,-,-,-,-,-,-,-,-,-,-,-,-,-
7827,Vision Deal HK Acquisition Corp.,Financials,Capital Markets,Diversified Financials,157.8 M,-,-,-,-,-,-,-,-,-,-,-,-,-,-
