Ticker,Name,Sector,Industry,Industry Group,Market Cap,Last Reported Fiscal Year,Gross-Profit-Margin,Gross-Profit-Margin FQ-1,Gross-Profit-Margin FQ-2,Gross-Profit-Margin FQ-3,Gross-Profit-Margin FQ-4,Gross-Profit-Margin FQ-5,Gross-Profit-Margin FQ-6,Gross-Profit-Margin FQ-7,Gross-Profit-Margin FQ-8,Gross-Profit-Margin FQ-9,Gross-Profit-Margin FQ-10,Gross-Profit-Margin FQ-11,Gross-Profit-Margin FQ-12
1989,Pine Care Group Limited,Healthcare,Healthcare Providers & Services,Healthcare Equipment & Services,103.5 M,2023,42.3%,41.2%,43.4%,43.4%,47.9%,47.9%,38.9%,38.9%,45.1%,45.1%,42.9%,42.9%,42.5%
1283,Accel Group Holdings Limited,Industrials,Construction & Engineering,Capital Goods,129.4 M,2023,20.1%,21.2%,19.2%,19.2%,20.1%,20.1%,18.8%,18.8%,21.7%,21.7%,19.1%,19.1%,25.4%
9913,Chi Kan Holdings Limited,Industrials,Construction & Engineering,Capital Goods,270.1 M,2023,23.2%,15.6%,30.4%,30.4%,9.7%,9.7%,6.2%,6.2%,8.4%,8.4%,10.8%,10.8%,10.5%
6889,"DYNAM JAPAN HOLDINGS Co., Ltd.",Consumer Discretionary,"Hotels, Restaurants & Leisure",Consumer Services,479.5 M,2023,9.7%,8.3%,11.0%,11.0%,14.2%,14.2%,5.3%,5.3%,0.2%,0.2%,13.4%,13.4%,19.7%
1468,Kingkey Financial International (Holdings) Limited,Financials,Capital Markets,Diversified Financials,1.554 B,2023,66.6%,64.1%,70.4%,70.4%,61.9%,61.9%,90.9%,90.9%,42.8%,42.8%,23.1%,23.1%,44.3%
1243,Wang On Properties Limited,Real Estate,Real Estate Management & Development,Real Estate,110.4 M,2023,13.1%,12.0%,29.5%,29.5%,-26.8%,-26.8%,-21.9%,-21.9%,46.8%,46.8%,68.9%,68.9%,43.5%
1499,OKG Technology Holdings Limited,Industrials,Construction & Engineering,Capital Goods,242.9 M,2023,42.2%,47.6%,37.2%,37.2%,5.0%,5.0%,5.9%,5.9%,11.2%,11.2%,7.3%,7.3%,7.6%
2708,IBO Technology Company Limited,Information Technology,"Electronic Equipment, Instruments & Components",Technology Hardware & Equipment,119 M,2023,16.4%,20.8%,14.3%,14.3%,25.1%,25.1%,19.3%,19.3%,23.4%,23.4%,19.6%,19.6%,26.8%
1729,Time Interconnect Technology Limited,Industrials,Electrical Equipment,Capital Goods,421.4 M,2023,11.5%,9.5%,15.1%,15.1%,17.7%,17.7%,17.6%,17.6%,21.1%,21.1%,17.4%,17.4%,18.5%
1082,Bradaverse Education (Int'l) Investments Group Limited,Consumer Discretionary,Diversified Consumer Services,Consumer Services,129.2 M,2023,13.9%,-,16.0%,16.0%,9.4%,9.4%,9.2%,9.2%,2.6%,2.6%,5.1%,5.1%,29.0%
2221,New Concepts Holdings Limited,Industrials,Construction & Engineering,Capital Goods,120.7 M,2023,12.6%,8.9%,15.8%,15.8%,9.2%,9.2%,-,-,7.9%,7.9%,-,-,9.0%
6819,IntelliCentrics Global Holdings Ltd.,Healthcare,Health Care Technology,Healthcare Equipment & Services,288.8 M,2023,87.8%,89.2%,86.3%,86.3%,87.2%,87.2%,86.2%,86.2%,87.8%,87.8%,-,-,94.3%
1271,Grand Ming Group Holdings Limited,Industrials,Construction & Engineering,Capital Goods,1.082 B,2023,38.8%,41.4%,-17.3%,-17.3%,17.4%,17.4%,19.9%,19.9%,24.2%,24.2%,22.4%,22.4%,27.4%
992,Lenovo Group Limited,Information Technology,"Technology Hardware, Storage & Peripherals",Technology Hardware & Equipment,13.581 B,2023,17.0%,16.8%,16.9%,17.2%,16.7%,16.8%,16.7%,17.2%,16.2%,15.5%,15.3%,17.6%,16.1%
711,Asia Allied Infrastructure Holdings Limited,Industrials,Construction & Engineering,Capital Goods,118.2 M,2023,5.3%,6.4%,4.1%,4.1%,7.6%,7.6%,5.2%,5.2%,3.1%,3.1%,7.4%,7.4%,5.3%
213,National Electronics Holdings Limited,Consumer Discretionary,"Textiles, Apparel & Luxury Goods",Consumer Durables & Apparel,111.3 M,2023,15.0%,17.1%,13.3%,13.3%,12.1%,12.1%,13.0%,13.0%,10.6%,10.6%,14.4%,14.4%,18.8%
57,Chen Hsong Holdings Limited,Industrials,Machinery,Capital Goods,147 M,2023,22.6%,23.4%,21.6%,21.6%,25.3%,25.3%,26.6%,26.6%,27.1%,27.1%,21.4%,21.4%,23.3%
1140,Wealthking Investments Limited,Financials,Capital Markets,Diversified Financials,495.9 M,2023,100.0%,100.0%,100.0%,100.0%,100.0%,100.0%,100.0%,100.0%,100.0%,100.0%,181.1%,181.1%,42.1%
1709,DL Holdings Group Limited,Financials,Capital Markets,Diversified Financials,495.2 M,2023,52.3%,50.2%,54.0%,54.0%,55.2%,55.2%,74.3%,74.3%,31.3%,31.3%,21.6%,21.6%,7.5%
237,"Safety Godown Company, Limited",Real Estate,Real Estate Management & Development,Real Estate,117.6 M,2023,100.0%,100.0%,100.0%,100.0%,100.0%,100.0%,100.0%,100.0%,100.0%,100.0%,100.0%,100.0%,100.0%
2368,Eagle Nice (International) Holdings Limited,Consumer Discretionary,"Textiles, Apparel & Luxury Goods",Consumer Durables & Apparel,295.1 M,2023,19.2%,20.6%,17.0%,17.0%,18.3%,18.3%,16.5%,16.5%,22.5%,22.5%,15.6%,15.6%,19.1%
474,Aceso Life Science Group Limited,Financials,Consumer Finance,Diversified Financials,167.4 M,2023,0.6%,8.5%,-9.6%,-9.6%,24.7%,24.7%,124.7%,124.7%,41.8%,41.8%,194.9%,194.9%,0.0%
825,New World Department Store China Limited,Consumer Discretionary,Multiline Retail,Retailing,193.3 M,2023,75.6%,75.3%,75.8%,75.8%,75.4%,75.4%,75.4%,75.4%,72.4%,72.4%,73.9%,73.9%,76.6%
374,Four Seas Mercantile Holdings Limited,Consumer Staples,Food Products,"Food, Beverage & Tobacco",130.2 M,2023,20.9%,23.2%,19.0%,19.0%,20.7%,20.7%,14.9%,14.9%,22.4%,22.4%,28.3%,28.3%,29.9%
179,Johnson Electric Holdings Limited,Consumer Discretionary,Auto Components,Automobiles & Components,1.056 B,2023,19.7%,20.0%,19.4%,19.4%,21.3%,21.3%,23.2%,23.2%,22.5%,22.5%,20.9%,20.9%,22.8%
1221,Sino Hotels (Holdings) Limited,Consumer Discretionary,"Hotels, Restaurants & Leisure",Consumer Services,327.5 M,2023,50.8%,51.4%,50.2%,50.2%,57.7%,57.7%,54.4%,54.4%,39.2%,39.2%,11.5%,11.5%,52.7%
147,International Business Settlement Holdings Limited,Real Estate,Real Estate Management & Development,Real Estate,181.2 M,2023,-26.8%,4.1%,-86.4%,-86.4%,15.3%,15.3%,-48.1%,-48.1%,44.4%,44.4%,-39.7%,-39.7%,19.2%
149,China Agri-Products Exchange Limited,Real Estate,Real Estate Management & Development,Real Estate,105.2 M,2023,51.2%,53.0%,50.0%,50.0%,55.3%,55.3%,56.2%,56.2%,50.9%,50.9%,-,-,-
33,International Genius Company,Consumer Discretionary,Distributors,Retailing,134.8 M,2023,2.0%,2.5%,0.8%,0.8%,22.4%,22.4%,-,-,18.7%,18.7%,18.7%,18.7%,57.9%
163,Emperor International Holdings Limited,Real Estate,Real Estate Management & Development,Real Estate,313.9 M,2023,30.4%,22.6%,34.9%,34.9%,33.8%,33.8%,91.4%,91.4%,44.0%,44.0%,17.8%,17.8%,69.4%
931,China LNG Group Limited,Energy,"Oil, Gas & Consumable Fuels",Energy,269.6 M,2023,-10.3%,-7.1%,-13.6%,-13.6%,-5.4%,-5.4%,3.7%,3.7%,11.2%,11.2%,-6.3%,-6.3%,-0.2%
1125,Lai Fung Holdings Limited,Real Estate,Real Estate Management & Development,Real Estate,111.8 M,2023,51.4%,47.4%,54.6%,54.6%,48.4%,48.4%,30.2%,30.2%,9.9%,9.9%,-33.0%,-33.0%,52.0%
224,Pioneer Global Group Limited,Real Estate,Real Estate Management & Development,Real Estate,148.5 M,2023,80.7%,68.9%,86.3%,86.3%,80.4%,80.4%,90.3%,90.3%,81.0%,81.0%,41.8%,41.8%,81.4%
1660,Zhaobangji Properties Holdings Limited,Industrials,Trading Companies & Distributors,Capital Goods,236.8 M,2023,23.8%,13.3%,33.8%,33.8%,42.6%,42.6%,40.3%,40.3%,51.1%,51.1%,46.7%,46.7%,35.1%
8365,Hatcher Group Limited,Financials,Capital Markets,Diversified Financials,140.2 M,2023,100.0%,100.0%,100.0%,100.0%,100.0%,100.0%,100.0%,100.0%,100.0%,-,-55.8%,100.0%,100.0%
2033,Time Watch Investments Limited,Consumer Discretionary,"Textiles, Apparel & Luxury Goods",Consumer Durables & Apparel,108.8 M,2023,72.5%,70.3%,74.2%,74.2%,71.3%,71.3%,75.3%,75.3%,75.6%,75.6%,73.0%,73.0%,74.2%
1373,International Housewares Retail Company Limited,Consumer Discretionary,Specialty Retail,Retailing,258.6 M,2023,45.6%,46.7%,44.7%,44.7%,46.9%,46.9%,45.1%,45.1%,45.3%,45.3%,46.5%,46.5%,46.7%
985,CST Group Limited,Financials,Capital Markets,Diversified Financials,107.8 M,2023,53.9%,49.9%,63.8%,63.8%,62.7%,62.7%,51.9%,51.9%,44.2%,44.2%,20.1%,20.1%,51.4%
367,Chuang's Consortium International Limited,Real Estate,Real Estate Management & Development,Real Estate,138.5 M,2023,71.3%,72.7%,-,-,62.9%,62.9%,-,-,42.8%,42.8%,66.8%,66.8%,150.3%
411,Lam Soon (Hong Kong) Limited,Consumer Staples,Food Products,"Food, Beverage & Tobacco",294.5 M,2023,17.3%,16.5%,18.0%,18.0%,19.4%,19.4%,20.4%,20.4%,24.0%,24.0%,23.7%,23.7%,23.0%
26,"China Motor Bus Company, Limited",Real Estate,Real Estate Management & Development,Real Estate,441.5 M,2023,100.0%,100.0%,100.0%,100.0%,100.0%,100.0%,100.0%,100.0%,100.0%,100.0%,100.0%,100.0%,100.0%
1023,Sitoy Group Holdings Limited,Consumer Discretionary,"Textiles, Apparel & Luxury Goods",Consumer Durables & Apparel,107.6 M,2023,31.5%,32.8%,30.1%,30.1%,27.7%,27.7%,25.3%,25.3%,24.6%,24.6%,15.8%,15.8%,29.2%
160,"Hon Kwok Land Investment Company, Limited",Real Estate,Real Estate Management & Development,Real Estate,194.6 M,2023,52.4%,55.2%,48.9%,48.9%,57.5%,57.5%,58.8%,58.8%,43.8%,43.8%,42.2%,42.2%,70.4%
1428,Bright Smart Securities & Commodities Group Limited,Financials,Capital Markets,Diversified Financials,296.2 M,2023,100.0%,100.0%,100.0%,100.0%,100.0%,100.0%,100.0%,100.0%,100.0%,100.0%,100.0%,100.0%,100.0%
938,Man Sang International Limited,Real Estate,Real Estate Management & Development,Real Estate,137.7 M,2023,-5.2%,2.9%,-15.1%,-15.1%,3.7%,3.7%,-25.9%,-25.9%,-5.1%,-5.1%,45.8%,45.8%,26.1%
29,Dynamic Holdings Limited,Real Estate,Real Estate Management & Development,Real Estate,301.9 M,2023,66.6%,64.6%,68.6%,68.6%,65.0%,65.0%,60.8%,60.8%,66.9%,66.9%,66.2%,66.2%,68.3%
105,Associated International Hotels Limited,Real Estate,Real Estate Management & Development,Real Estate,429.7 M,2023,70.3%,71.8%,68.6%,68.6%,72.0%,72.0%,80.5%,80.5%,77.3%,77.3%,84.2%,84.2%,84.9%
266,Tian Teck Land Limited,Real Estate,Real Estate Management & Development,Real Estate,238.9 M,2023,70.5%,72.0%,68.9%,68.9%,72.2%,72.2%,79.3%,79.3%,77.6%,77.6%,84.3%,84.3%,84.9%
1104,APAC Resources Limited,Industrials,Trading Companies & Distributors,Capital Goods,177.5 M,2023,7.8%,4.8%,9.0%,9.0%,68.9%,68.9%,19.1%,19.1%,17.4%,17.4%,13.8%,13.8%,10.5%
279,Arta TechFin Corporation Limited,Financials,Capital Markets,Diversified Financials,275 M,2023,100.5%,71.3%,93.9%,93.9%,103.0%,103.0%,100.8%,100.8%,101.1%,101.1%,107.4%,107.4%,102.2%
1341,Hao Tian International Construction Investment Group Limited,Industrials,Trading Companies & Distributors,Capital Goods,231.2 M,2023,39.8%,33.3%,30.6%,30.6%,22.3%,22.3%,44.6%,44.6%,40.3%,40.3%,37.3%,37.3%,25.7%
391,Mei Ah Entertainment Group Limited,Communication Services,Entertainment,Media,200 M,2023,58.4%,72.5%,47.8%,47.8%,60.0%,60.0%,56.3%,56.3%,61.4%,61.4%,68.8%,68.8%,46.4%
677,Golden Resources Development International Limited,Consumer Staples,Food & Staples Retailing,Food & Staples Retailing,278.9 M,2023,38.1%,38.9%,37.3%,37.3%,34.5%,34.5%,37.8%,37.8%,36.4%,36.4%,35.0%,35.0%,33.8%
335,Upbest Group Limited,Financials,Consumer Finance,Diversified Financials,205 M,2023,100.0%,100.0%,100.0%,100.0%,100.0%,100.0%,100.0%,100.0%,100.0%,100.0%,100.0%,100.0%,100.0%
113,Dickson Concepts (International) Limited,Consumer Discretionary,Specialty Retail,Retailing,201.9 M,2023,47.9%,47.1%,48.6%,48.6%,45.1%,45.1%,46.0%,46.0%,38.7%,38.7%,38.9%,38.9%,44.2%
202,EverChina Int'l Holdings Company Limited,Real Estate,Real Estate Management & Development,Real Estate,161.7 M,2023,48.4%,109.5%,3.0%,3.0%,65.5%,65.5%,106.5%,106.5%,153.9%,153.9%,-78.1%,-78.1%,-210.2%
1726,HKE Holdings Limited,Industrials,Construction & Engineering,Capital Goods,179.2 M,2023,34.2%,32.6%,36.2%,36.2%,23.9%,23.9%,32.6%,32.6%,15.3%,15.3%,-2.1%,-2.1%,32.6%
2360,Best Mart 360 Holdings Limited,Consumer Staples,Food & Staples Retailing,Food & Staples Retailing,284.1 M,2023,35.0%,35.3%,34.7%,34.7%,32.3%,32.3%,32.4%,32.4%,31.4%,31.4%,32.6%,32.6%,34.3%
129,Asia Standard International Group Limited,Real Estate,Real Estate Management & Development,Real Estate,107.6 M,2023,95.7%,95.2%,96.2%,96.2%,97.2%,97.2%,97.3%,97.3%,97.4%,97.4%,91.7%,91.7%,88.0%
259,Yeebo (International Holdings) Limited,Information Technology,"Electronic Equipment, Instruments & Components",Technology Hardware & Equipment,362.6 M,2023,16.1%,16.5%,15.5%,15.5%,16.0%,16.0%,10.5%,10.5%,14.1%,14.1%,8.9%,8.9%,16.3%
900,AEON Credit Service (Asia) Company Limited,Financials,Consumer Finance,Diversified Financials,270.5 M,2023,100.0%,100.0%,100.0%,100.0%,100.0%,100.0%,100.0%,100.0%,100.0%,100.0%,100.0%,100.0%,100.0%
186,Nimble Holdings Company Limited,Consumer Discretionary,Distributors,Retailing,188.9 M,2023,17.6%,15.5%,19.3%,19.3%,10.2%,10.2%,-,-,17.1%,17.1%,-,-,25.4%
896,Hanison Construction Holdings Limited,Industrials,Construction & Engineering,Capital Goods,158.4 M,2023,9.3%,9.5%,9.1%,9.1%,10.3%,10.3%,8.6%,8.6%,10.5%,10.5%,18.4%,18.4%,23.0%
989,Hua Yin International Holdings Limited,Real Estate,Real Estate Management & Development,Real Estate,385.4 M,2023,157.2%,176.1%,18.9%,18.9%,66.2%,66.2%,349.3%,349.3%,-460.4%,-460.4%,-333.2%,-333.2%,-544.9%
247,Tsim Sha Tsui Properties Limited,Real Estate,Real Estate Management & Development,Real Estate,5.729 B,2023,52.4%,47.4%,59.6%,59.6%,52.0%,52.0%,55.6%,55.6%,56.6%,56.6%,44.7%,44.7%,68.3%
159,Brockman Mining Limited,Materials,Metals & Mining,Materials,189.2 M,2023,-,-,-,-,-,-,-,-,-,-,-,-,-
303,Vtech Holdings Limited,Information Technology,Communications Equipment,Technology Hardware & Equipment,1.503 B,2023,28.7%,28.3%,29.0%,29.0%,27.4%,27.4%,29.6%,29.6%,31.8%,31.8%,30.6%,30.6%,30.7%
2153,"Tat Hong Equipment Service Co., Ltd.",Industrials,Construction & Engineering,Capital Goods,196.2 M,2023,22.7%,19.5%,25.4%,25.4%,28.7%,28.7%,32.9%,32.9%,35.4%,36.5%,-,-,-
2161,JBM (Healthcare) Limited,Healthcare,Pharmaceuticals,"Pharmaceuticals, Biotechnology & Life Sciences",111.1 M,2023,38.5%,36.1%,41.0%,41.0%,39.6%,39.6%,47.8%,47.8%,52.2%,52.2%,-,-,-
1942,MOG Holdings Limited,Consumer Discretionary,Specialty Retail,Retailing,1.543 B,2023,25.0%,27.3%,22.7%,22.7%,69.1%,69.1%,71.7%,71.7%,66.8%,66.8%,68.9%,68.9%,63.5%
53,Guoco Group Limited,Industrials,Industrial Conglomerates,Capital Goods,2.85 B,2023,40.3%,38.9%,42.1%,42.1%,36.9%,36.9%,20.6%,20.6%,34.1%,34.1%,36.1%,36.1%,44.4%
199,ITC Properties Group Limited,Real Estate,Real Estate Management & Development,Real Estate,122.1 M,2023,8.7%,10.8%,5.8%,5.8%,8.4%,8.4%,16.0%,16.0%,29.3%,29.3%,-46.7%,-46.7%,1.7%
650,Productive Technologies Company Limited,Energy,"Oil, Gas & Consumable Fuels",Energy,900.4 M,2023,17.0%,14.1%,34.7%,34.7%,24.2%,24.2%,12.1%,12.1%,11.2%,11.2%,-0.1%,-0.1%,44.2%
277,Tern Properties Company Limited,Real Estate,Real Estate Management & Development,Real Estate,135.2 M,2023,94.9%,95.7%,94.0%,94.0%,97.6%,97.6%,97.3%,97.3%,96.9%,96.9%,104.8%,104.8%,98.9%
191,Lai Sun Garment (International) Limited,Real Estate,Real Estate Management & Development,Real Estate,172.2 M,2023,41.2%,-,42.4%,42.4%,38.3%,38.3%,28.9%,28.9%,20.2%,20.2%,21.7%,21.7%,42.3%
25,Chevalier International Holdings Limited,Industrials,Industrial Conglomerates,Capital Goods,271.2 M,2023,11.8%,12.7%,11.2%,11.2%,12.9%,12.9%,10.8%,10.8%,13.6%,13.6%,12.0%,12.0%,14.2%
131,Cheuk Nang (Holdings) Limited,Real Estate,Real Estate Management & Development,Real Estate,174.6 M,2023,33.0%,-7.5%,73.6%,73.6%,-30.9%,-30.9%,-6.8%,-6.8%,84.1%,84.1%,72.8%,72.8%,62.3%
398,Oriental Watch Holdings Limited,Consumer Discretionary,Specialty Retail,Retailing,265.7 M,2023,33.0%,32.1%,33.9%,33.9%,31.1%,31.1%,27.7%,27.7%,27.1%,27.1%,27.6%,27.6%,27.2%
306,Kwoon Chung Bus Holdings Limited,Industrials,Road & Rail,Transportation,139.1 M,2023,4.2%,0.1%,8.0%,8.0%,1.4%,1.4%,-5.4%,-5.4%,-8.7%,-8.7%,16.0%,16.0%,14.0%
1050,Karrie International Holdings Limited,Information Technology,"Electronic Equipment, Instruments & Components",Technology Hardware & Equipment,242 M,2023,27.7%,26.4%,29.6%,29.6%,28.1%,28.1%,31.5%,31.5%,21.4%,21.4%,19.7%,19.7%,16.8%
2322,Hong Kong ChaoShang Group Limited,Industrials,Trading Companies & Distributors,Capital Goods,383.2 M,2023,14.0%,11.7%,18.0%,18.0%,9.7%,9.7%,16.7%,16.7%,25.1%,25.1%,41.0%,41.0%,22.0%
1469,Get Nice Financial Group Limited,Financials,Capital Markets,Diversified Financials,207 M,2023,97.2%,97.8%,96.5%,96.5%,96.6%,96.6%,95.5%,95.5%,97.6%,97.6%,98.4%,98.4%,97.4%
18,Oriental Enterprise Holdings Limited,Communication Services,Media,Media,183.3 M,2023,34.8%,32.6%,37.0%,37.0%,38.7%,38.7%,30.5%,30.5%,23.5%,23.5%,20.0%,20.0%,26.3%
64,Get Nice Holdings Limited,Financials,Capital Markets,Diversified Financials,184.6 M,2023,97.3%,98.1%,96.4%,96.4%,97.4%,97.4%,96.5%,96.5%,98.2%,98.2%,98.8%,98.8%,98.2%
1854,China Wantian Holdings Limited,Consumer Staples,Food & Staples Retailing,Food & Staples Retailing,108.4 M,2023,14.5%,16.1%,12.7%,12.7%,16.4%,16.4%,9.8%,9.8%,14.9%,14.9%,10.8%,10.8%,13.9%
1082,Bradaverse Education (Int'l) Investments Group Limited,Consumer Discretionary,Diversified Consumer Services,Consumer Services,129.2 M,2023,13.9%,-,16.0%,16.0%,9.4%,9.4%,9.2%,9.2%,2.6%,2.6%,5.1%,5.1%,29.0%
1563,Alliance International Education Leasing Holdings Limited,Financials,Diversified Financial Services,Diversified Financials,1.053 B,2022,61.5%,46.1%,100.0%,100.0%,100.0%,100.0%,100.0%,100.0%,100.0%,100.0%,100.0%,100.0%,100.0%
1907,China Risun Group Limited,Materials,Chemicals,Materials,2.08 B,2022,12.6%,13.4%,11.2%,11.2%,17.3%,17.3%,17.7%,17.7%,14.2%,14.2%,13.4%,13.4%,14.0%
1387,China Dili Group,Real Estate,Real Estate Management & Development,Real Estate,748 M,2022,66.2%,60.7%,71.9%,71.9%,97.3%,97.3%,91.1%,91.1%,100.0%,100.0%,100.0%,100.0%,100.0%
245,China Vered Financial Holding Corporation Limited,Financials,Capital Markets,Diversified Financials,252.1 M,2022,94.4%,94.4%,94.4%,94.4%,91.6%,91.6%,97.5%,97.5%,93.0%,93.0%,98.8%,98.8%,95.9%
1188,Hybrid Kinetic Group Limited,Consumer Discretionary,Automobiles,Automobiles & Components,103.7 M,2022,-,-,-,-,44.2%,44.2%,30.2%,30.2%,0.2%,0.2%,8.2%,8.2%,144.9%
416,"Bank of Jinzhou Co., Ltd.",Financials,Banks,Banks,2.458 B,2022,-,-,-,-,-,-,-,-,-,-,-,-,-
6188,"Beijing Digital Telecom Co., Ltd.",Consumer Discretionary,Specialty Retail,Retailing,357.4 M,2022,4.5%,3.9%,5.3%,5.3%,-28.3%,-28.3%,6.8%,6.8%,10.5%,10.5%,11.6%,11.6%,11.4%
7841,HK Acquisition Corporation,Financials,Capital Markets,Diversified Financials,141.5 M,2022,-,-,-,-,-,-,-,-,-,-,-,-,-
2558,"Jinshang Bank Co., Ltd.",Financials,Banks,Banks,914.9 M,2022,-,-,-,-,-,-,-,-,-,-,-,-,-
1966,China SCE Group Holdings Limited,Real Estate,Real Estate Management & Development,Real Estate,425 M,2022,19.8%,22.2%,17.7%,17.7%,25.1%,25.1%,20.9%,20.9%,27.9%,27.9%,26.3%,26.3%,28.9%
9906,Honliv Healthcare Management Group Company Limited,Healthcare,Healthcare Providers & Services,Healthcare Equipment & Services,183.4 M,2022,22.4%,23.5%,21.1%,21.1%,23.6%,23.6%,27.1%,27.1%,25.2%,25.2%,30.8%,30.8%,33.2%
672,Zhong An Group Limited,Real Estate,Real Estate Management & Development,Real Estate,167.3 M,2022,26.7%,17.8%,34.0%,34.0%,28.4%,28.4%,31.7%,31.7%,29.2%,29.2%,35.8%,35.8%,44.2%
1332,Touyun Biotech Group Limited,Materials,Containers & Packaging,Materials,246.6 M,2022,36.3%,35.2%,37.5%,37.5%,38.0%,38.0%,46.6%,46.6%,33.7%,33.7%,34.3%,34.3%,38.7%
1400,Moody Technology Holdings Limited,Consumer Discretionary,"Textiles, Apparel & Luxury Goods",Consumer Durables & Apparel,162.3 M,2022,-2.5%,7.6%,-33.7%,-33.7%,4.8%,4.8%,-77.7%,-77.7%,1.4%,1.4%,1.5%,1.5%,3.2%
580,Sun.King Technology Group Limited,Industrials,Electrical Equipment,Capital Goods,378 M,2022,28.5%,29.3%,27.5%,27.5%,35.7%,35.7%,25.8%,25.8%,38.8%,38.8%,30.3%,30.3%,29.8%
853,MicroPort Scientific Corporation,Healthcare,Healthcare Equipment & Supplies,Healthcare Equipment & Services,4.703 B,2022,61.6%,61.2%,62.0%,62.0%,64.4%,64.4%,63.9%,63.9%,70.9%,70.9%,70.5%,70.5%,71.7%
898,Multifield International Holdings Limited,Real Estate,Real Estate Management & Development,Real Estate,105.4 M,2022,82.3%,84.5%,68.9%,68.9%,81.1%,81.1%,92.3%,92.3%,116.9%,116.9%,75.1%,75.1%,88.9%
2343,Pacific Basin Shipping Limited,Industrials,Marine,Transportation,2.151 B,2022,22.3%,15.6%,28.4%,28.4%,30.6%,30.6%,15.6%,15.6%,4.9%,4.9%,-0.3%,-0.3%,5.0%
2698,Weiqiao Textile Company Limited,Consumer Discretionary,"Textiles, Apparel & Luxury Goods",Consumer Durables & Apparel,176.5 M,2022,-6.1%,-7.2%,-5.1%,-5.1%,4.8%,4.8%,11.7%,11.7%,7.5%,7.5%,7.6%,7.6%,4.8%
1098,Road King Infrastructure Limited,Real Estate,Real Estate Management & Development,Real Estate,304.5 M,2022,17.1%,9.3%,36.3%,36.3%,20.9%,20.9%,25.8%,25.8%,24.4%,24.4%,31.6%,31.6%,33.0%
687,Tysan Holdings Limited,Industrials,Construction & Engineering,Capital Goods,141.5 M,2022,4.2%,3.8%,4.5%,4.5%,3.0%,3.0%,0.3%,0.3%,-4.7%,-4.7%,3.5%,3.5%,-2.6%
618,Peking University Resources (Holdings) Company Limited,Real Estate,Real Estate Management & Development,Real Estate,132.6 M,2022,-22.5%,-,-,-,-,-,6.5%,6.5%,4.1%,4.1%,10.2%,10.2%,3.4%
517,"COSCO SHIPPING International (Hong Kong) Co., Ltd.",Industrials,Transportation Infrastructure,Transportation,473.8 M,2022,17.6%,17.5%,17.8%,17.8%,16.3%,16.3%,18.9%,18.9%,18.0%,18.0%,17.2%,17.2%,16.9%
1075,Capinfo Company Limited,Information Technology,IT Services,Software & Services,129.2 M,2022,35.7%,36.6%,35.2%,35.2%,36.8%,36.8%,33.2%,33.2%,39.3%,39.3%,31.9%,31.9%,39.3%
142,First Pacific Company Limited,Consumer Staples,Food Products,"Food, Beverage & Tobacco",1.295 B,2022,29.8%,29.7%,29.9%,29.9%,32.4%,32.4%,33.5%,33.5%,31.2%,31.2%,-,-,30.1%
1223,Symphony Holdings Limited,Consumer Discretionary,Specialty Retail,Retailing,329.6 M,2022,72.5%,91.9%,70.3%,70.3%,90.9%,90.9%,71.3%,71.3%,66.6%,66.6%,71.3%,71.3%,72.2%
8227,"Xi'an Haitian Antenna Technologies Co., Ltd.",Information Technology,Communications Equipment,Technology Hardware & Equipment,106.4 M,2022,26.5%,35.6%,31.4%,19.6%,25.9%,25.7%,54.0%,35.9%,28.0%,-5.0%,4.8%,4.5%,13.3%
120,Cosmopolitan International Holdings Limited,Real Estate,Real Estate Management & Development,Real Estate,1.649 B,2022,34.2%,33.1%,34.9%,34.9%,94.4%,94.4%,49.0%,49.0%,23.6%,23.6%,15.7%,15.7%,43.4%
3833,"Xinjiang Xinxin Mining Industry Co., Ltd.",Materials,Metals & Mining,Materials,363.2 M,2022,44.4%,46.2%,41.9%,41.9%,34.1%,34.1%,31.5%,31.5%,8.2%,8.2%,22.9%,22.9%,11.2%
505,Xingye Alloy Materials Group Limited,Industrials,Electrical Equipment,Capital Goods,113.8 M,2022,9.0%,8.6%,9.3%,9.3%,13.9%,13.9%,12.9%,12.9%,10.4%,10.4%,9.3%,9.3%,9.6%
1358,PW Medtech Group Limited,Healthcare,Healthcare Equipment & Supplies,Healthcare Equipment & Services,111.7 M,2022,58.1%,56.5%,60.6%,60.6%,61.8%,61.8%,61.1%,61.1%,58.6%,58.6%,60.9%,60.9%,61.9%
2299,Billion Industrial Holdings Limited,Consumer Discretionary,"Textiles, Apparel & Luxury Goods",Consumer Durables & Apparel,1.015 B,2022,9.1%,4.8%,13.2%,13.2%,18.7%,18.7%,20.0%,20.0%,18.1%,18.1%,14.0%,14.0%,17.7%
1141,CMBC Capital Holdings Limited,Financials,Capital Markets,Diversified Financials,183.2 M,2022,100.0%,100.0%,100.0%,100.0%,100.0%,100.0%,100.0%,100.0%,100.0%,100.0%,100.0%,100.0%,100.0%
588,Beijing North Star Company Limited,Real Estate,Real Estate Management & Development,Real Estate,862.6 M,2022,13.1%,19.7%,7.6%,23.1%,-,18.1%,22.7%,21.9%,11.4%,43.9%,35.3%,37.5%,20.8%
2722,"Chongqing Machinery & Electric Co., Ltd.",Industrials,Industrial Conglomerates,Capital Goods,291 M,2022,19.1%,21.1%,16.9%,16.9%,18.2%,18.2%,20.7%,20.7%,20.3%,20.3%,19.5%,19.5%,17.3%
686,"Beijing Energy International Holding Co., Ltd.",Utilities,Independent Power & Renewable Electricity Producers,Utilities,527.9 M,2022,96.6%,96.6%,96.6%,96.6%,97.6%,97.6%,98.1%,98.1%,98.0%,98.0%,97.2%,97.2%,98.4%
1708,Nanjing Sample Technology Company Limited,Information Technology,"Electronic Equipment, Instruments & Components",Technology Hardware & Equipment,423.8 M,2022,14.7%,8.7%,24.3%,24.3%,14.9%,14.9%,12.5%,12.5%,31.4%,31.4%,29.7%,29.7%,24.1%
1126,Dream International Limited,Consumer Discretionary,Leisure Products,Consumer Durables & Apparel,365.6 M,2022,19.7%,21.5%,17.4%,17.4%,12.8%,12.8%,12.8%,12.8%,18.7%,18.7%,15.9%,15.9%,27.0%
1091,South Manganese Investment Limited,Materials,Metals & Mining,Materials,231.5 M,2022,15.7%,12.6%,18.9%,18.9%,16.9%,16.9%,13.6%,13.6%,12.7%,12.7%,8.4%,8.4%,11.6%
1719,China Infrastructure & Logistics Group Ltd.,Industrials,Transportation Infrastructure,Transportation,219.8 M,2022,26.7%,19.6%,37.1%,37.1%,10.2%,10.2%,33.9%,33.9%,13.8%,13.8%,56.1%,56.1%,25.7%
439,KuangChi Science Limited,Industrials,Aerospace & Defense,Capital Goods,130.2 M,2022,32.1%,20.6%,35.1%,35.1%,43.7%,43.7%,-,-,29.0%,29.0%,-,-,8.0%
373,Allied Group Limited,Financials,Consumer Finance,Diversified Financials,774.4 M,2022,67.5%,66.4%,64.9%,64.9%,86.4%,86.4%,73.9%,73.9%,86.3%,86.3%,85.2%,85.2%,87.3%
1100,Mainland Headwear Holdings Limited,Consumer Discretionary,"Textiles, Apparel & Luxury Goods",Consumer Durables & Apparel,116.3 M,2022,34.0%,35.8%,32.2%,32.2%,27.5%,27.5%,32.7%,32.7%,30.7%,30.7%,30.0%,30.0%,-
1005,Matrix Holdings Limited,Consumer Discretionary,Leisure Products,Consumer Durables & Apparel,231.2 M,2022,42.1%,41.6%,42.6%,42.6%,38.6%,38.6%,45.6%,45.6%,30.2%,30.2%,35.6%,35.6%,35.6%
346,Yanchang Petroleum International Limited,Energy,"Oil, Gas & Consumable Fuels",Energy,126.1 M,2022,2.2%,2.1%,2.3%,2.3%,1.6%,1.6%,0.6%,0.6%,0.8%,0.8%,2.7%,2.7%,2.9%
2869,Greentown Service Group Co. Ltd.,Real Estate,Real Estate Management & Development,Real Estate,2.067 B,2022,16.2%,13.6%,19.2%,19.2%,17.3%,17.3%,20.1%,20.1%,17.8%,17.8%,20.6%,20.6%,17.1%
431,Greater China Financial Holdings Limited,Financials,Consumer Finance,Diversified Financials,129.8 M,2022,57.1%,52.2%,62.5%,62.5%,24.6%,24.6%,28.0%,28.0%,-50.4%,-50.4%,44.9%,44.9%,55.3%
316,Orient Overseas (International) Limited,Industrials,Marine,Transportation,12.661 B,2022,52.6%,49.1%,55.3%,55.3%,49.4%,49.4%,47.4%,47.4%,24.5%,24.5%,12.4%,12.4%,11.4%
230,Minmetals Land Limited,Real Estate,Real Estate Management & Development,Real Estate,206.8 M,2022,5.0%,-9.1%,13.5%,13.5%,16.5%,16.5%,21.7%,21.7%,15.4%,15.4%,17.3%,17.3%,12.1%
326,China Star Entertainment Limited,Communication Services,Entertainment,Media,203.8 M,2022,-9.4%,100.0%,-,-,100.0%,100.0%,-,-,61.9%,61.9%,"-2,389.0%","-2,389.0%",100.0%
185,Zensun Enterprises Limited,Real Estate,Real Estate Management & Development,Real Estate,236.4 M,2022,10.6%,14.2%,8.8%,8.8%,7.3%,7.3%,16.9%,16.9%,27.2%,27.2%,25.0%,25.0%,45.4%
28,Tian An China Investments Company Limited,Real Estate,Real Estate Management & Development,Real Estate,747.1 M,2022,43.6%,40.6%,56.9%,56.9%,53.6%,53.6%,56.2%,56.2%,36.5%,36.5%,43.9%,43.9%,39.9%
1349,"Shanghai Fudan-Zhangjiang Bio-Pharmaceutical Co.,Ltd.",Healthcare,Pharmaceuticals,"Pharmaceuticals, Biotechnology & Life Sciences",1.049 B,2022,100.0%,93.9%,86.6%,92.4%,92.8%,92.1%,93.5%,93.9%,91.7%,92.3%,93.3%,86.7%,94.0%
568,Shandong Molong Petroleum Machinery Company Limited,Energy,Energy Equipment & Services,Energy,390.4 M,2022,1.1%,-0.9%,6.8%,-6.6%,6.5%,10.6%,2.3%,0.4%,1.9%,3.7%,7.5%,3.1%,7.7%
669,Techtronic Industries Company Limited,Industrials,Machinery,Capital Goods,19.938 B,2022,39.3%,39.6%,39.1%,39.1%,39.0%,39.0%,38.6%,38.6%,38.5%,38.5%,38.0%,38.0%,37.8%
752,Pico Far East Holdings Limited,Communication Services,Media,Media,230.3 M,2022,29.9%,32.7%,27.3%,27.3%,29.6%,29.6%,28.6%,28.6%,32.4%,32.4%,33.0%,33.0%,30.9%
3303,Jutal Offshore Oil Services Limited,Energy,Energy Equipment & Services,Energy,106 M,2022,1.0%,1.4%,0.9%,0.9%,13.0%,13.0%,11.6%,11.6%,13.5%,13.5%,18.5%,18.5%,17.8%
3869,Hospital Corporation of China Limited,Healthcare,Healthcare Providers & Services,Healthcare Equipment & Services,135.6 M,2022,21.9%,13.3%,36.7%,36.7%,47.9%,47.9%,52.0%,52.0%,44.7%,44.7%,44.2%,44.2%,40.5%
8279,AGTech Holdings Limited,Information Technology,IT Services,Software & Services,364.3 M,2022,82.2%,77.5%,78.7%,65.6%,41.0%,58.8%,64.7%,61.3%,73.2%,67.4%,86.8%,56.7%,61.3%
528,Kingdom Holdings Limited,Consumer Discretionary,"Textiles, Apparel & Luxury Goods",Consumer Durables & Apparel,113.9 M,2022,22.5%,22.4%,22.6%,22.6%,13.7%,13.7%,8.1%,8.1%,13.2%,13.2%,21.9%,21.9%,26.6%
1868,Neo-Neon Holdings Limited,Industrials,Electrical Equipment,Capital Goods,116.1 M,2022,37.5%,39.7%,33.8%,33.8%,-,-,29.4%,29.4%,-,-,31.3%,31.3%,33.2%
1696,Sisram Medical Ltd,Healthcare,Healthcare Equipment & Supplies,Healthcare Equipment & Services,710.8 M,2022,57.0%,57.0%,57.1%,57.1%,56.4%,56.4%,57.0%,57.0%,55.8%,55.8%,55.6%,55.6%,53.2%
8446,In Technical Productions Holdings Limited,Communication Services,Entertainment,Media,841.8 M,2022,27.3%,-44.6%,-16.1%,-72.8%,-72.1%,-221.0%,-260.6%,-586.7%,"1,033.8%",10.9%,27.0%,36.2%,44.7%
1702,Dongguang Chemical Limited,Materials,Chemicals,Materials,205.7 M,2022,10.5%,5.6%,14.6%,14.6%,13.6%,13.6%,18.8%,18.8%,11.8%,11.8%,12.2%,12.2%,12.0%
289,Wing On Company International Limited,Consumer Discretionary,Multiline Retail,Retailing,511.4 M,2022,65.2%,66.8%,59.4%,59.4%,67.5%,67.5%,68.3%,68.3%,57.4%,57.4%,62.6%,62.6%,64.4%
93,Termbray Industries International (Holdings) Limited,Real Estate,Real Estate Management & Development,Real Estate,180.1 M,2022,69.3%,70.7%,70.2%,93.0%,76.1%,76.1%,84.0%,84.0%,72.8%,72.8%,65.4%,65.4%,69.2%
212,Nanyang Holdings Limited,Real Estate,Real Estate Management & Development,Real Estate,119 M,2022,80.6%,76.4%,83.9%,83.9%,79.1%,79.1%,94.9%,94.9%,91.6%,91.6%,92.5%,92.5%,87.3%
769,China Rare Earth Holdings Limited,Materials,Metals & Mining,Materials,134.2 M,2022,7.5%,11.1%,5.4%,5.4%,9.2%,9.2%,5.5%,5.5%,8.7%,8.7%,5.9%,5.9%,9.8%
551,Yue Yuen Industrial (Holdings) Limited,Consumer Discretionary,"Textiles, Apparel & Luxury Goods",Consumer Durables & Apparel,2.264 B,2022,23.8%,24.9%,22.8%,23.7%,23.3%,19.7%,26.1%,25.5%,24.4%,21.1%,19.7%,21.1%,25.0%
376,Yunfeng Financial Group Limited,Financials,Insurance,Insurance,606.1 M,2022,14.7%,11.8%,16.6%,16.6%,24.4%,24.4%,16.9%,16.9%,25.4%,25.4%,20.3%,20.3%,21.4%
1161,Water Oasis Group Limited,Consumer Discretionary,Diversified Consumer Services,Consumer Services,145.7 M,2022,46.6%,47.2%,45.8%,45.8%,51.3%,51.3%,58.1%,58.1%,27.0%,27.0%,47.9%,47.9%,50.6%
412,Shandong Hi-Speed Holdings Group Limited,Financials,Diversified Financial Services,Diversified Financials,3.811 B,2022,21.5%,19.5%,7.0%,7.0%,44.7%,44.7%,-91.3%,-91.3%,45.8%,45.8%,69.4%,69.4%,56.4%
1122,"Qingling Motors Co., Ltd.",Consumer Discretionary,Automobiles,Automobiles & Components,306.7 M,2022,9.4%,9.1%,9.7%,9.7%,12.9%,12.9%,14.9%,14.9%,12.2%,12.2%,17.7%,17.7%,18.2%
603,China Oil And Gas Group Limited,Utilities,Gas Utilities,Utilities,165.3 M,2022,14.2%,15.4%,12.9%,12.9%,17.0%,17.0%,16.1%,16.1%,16.1%,16.1%,14.1%,14.1%,15.3%
337,Greenland Hong Kong Holdings Limited,Real Estate,Real Estate Management & Development,Real Estate,236.4 M,2022,20.7%,18.5%,21.2%,21.2%,30.7%,30.7%,20.6%,20.6%,33.5%,33.5%,28.3%,28.3%,35.6%
3989,Capital Environment Holdings Limited,Industrials,Commercial Services & Supplies,Commercial & Professional Services,264.1 M,2022,30.2%,32.2%,28.5%,28.5%,31.5%,31.5%,28.0%,28.0%,26.0%,26.0%,24.4%,24.4%,25.4%
1383,LET Group Holdings Limited,Consumer Discretionary,"Hotels, Restaurants & Leisure",Consumer Services,160.8 M,2022,37.2%,49.3%,29.2%,29.1%,27.9%,27.9%,-,-,14.2%,14.2%,-0.2%,-0.2%,8.6%
32,The Cross-Harbour (Holdings) Limited,Consumer Discretionary,Diversified Consumer Services,Consumer Services,509 M,2022,479.0%,-,217.5%,217.5%,124.1%,124.1%,74.8%,74.8%,86.4%,86.4%,41.9%,41.9%,67.2%
548,Shenzhen Expressway Corporation Limited,Industrials,Transportation Infrastructure,Transportation,2.383 B,2022,33.0%,40.3%,37.1%,24.4%,38.1%,41.0%,46.1%,37.8%,48.0%,23.3%,-9.2%,33.3%,52.3%
882,Tianjin Development Holdings Limited,Utilities,Multi-Utilities,Utilities,214.6 M,2022,28.8%,29.7%,-,-,29.6%,29.6%,-,-,30.6%,30.6%,29.0%,29.0%,44.1%
225,Pokfulam Development Company Limited,Real Estate,Real Estate Management & Development,Real Estate,120.7 M,2022,64.5%,60.7%,68.1%,68.1%,53.1%,53.1%,60.1%,60.1%,67.9%,67.9%,75.2%,75.2%,87.7%
719,Shandong Xinhua Pharmaceutical Company Limited,Healthcare,Pharmaceuticals,"Pharmaceuticals, Biotechnology & Life Sciences",1.749 B,2022,27.2%,27.9%,22.9%,27.3%,21.6%,27.5%,27.4%,29.1%,30.4%,31.9%,27.2%,28.3%,32.8%
542,TFG International Group Limited,Consumer Discretionary,"Hotels, Restaurants & Leisure",Consumer Services,212.4 M,2022,5.2%,5.7%,632.1%,632.1%,81.1%,81.1%,45.8%,45.8%,49.2%,49.2%,74.2%,74.2%,61.1%
1782,Vixtel Technologies Holdings Limited,Information Technology,IT Services,Software & Services,173.8 M,2022,53.6%,52.2%,54.8%,54.8%,55.9%,55.9%,51.0%,51.0%,57.3%,57.3%,54.7%,54.7%,59.9%
2488,Launch Tech Company Limited,Consumer Discretionary,Auto Components,Automobiles & Components,120.6 M,2022,38.2%,39.3%,37.3%,37.3%,40.1%,40.1%,43.7%,43.7%,44.2%,44.2%,38.3%,38.3%,45.3%
8037,China Biotech Services Holdings Limited,Healthcare,Healthcare Providers & Services,Healthcare Equipment & Services,131.3 M,2022,59.5%,65.4%,53.3%,49.4%,54.4%,58.7%,64.2%,48.8%,61.2%,51.0%,34.6%,23.6%,40.5%
272,Shui On Land Limited,Real Estate,Real Estate Management & Development,Real Estate,1.023 B,2022,42.7%,34.3%,63.9%,63.9%,40.0%,40.0%,41.3%,41.3%,36.8%,36.8%,66.5%,66.5%,69.7%
720,Auto Italia Holdings Limited,Real Estate,Real Estate Management & Development,Real Estate,120.7 M,2022,80.9%,81.2%,80.6%,80.6%,84.2%,84.2%,100.0%,100.0%,100.0%,100.0%,35.3%,35.3%,29.6%
3399,Guangdong Yueyun Transportation Company Limited,Industrials,Air Freight & Logistics,Transportation,106 M,2022,3.1%,1.0%,5.2%,5.2%,6.1%,6.1%,6.9%,6.9%,8.2%,8.2%,0.8%,0.8%,13.3%
952,China Tonghai International Financial Limited,Financials,Capital Markets,Diversified Financials,152.7 M,2022,106.3%,174.9%,103.7%,103.7%,67.9%,67.9%,84.6%,84.6%,4.8%,4.8%,0.6%,0.6%,78.4%
611,China Nuclear Energy Technology Corporation Limited,Industrials,Construction & Engineering,Capital Goods,103.8 M,2022,17.0%,15.8%,-,-,16.6%,16.6%,-,-,13.7%,13.7%,9.3%,9.3%,13.9%
981,Semiconductor Manufacturing International Corporation,Information Technology,Semiconductors & Semiconductor Equipment,Semiconductors & Semiconductor Equipment,26.279 B,2022,38.7%,39.4%,40.7%,35.0%,33.1%,30.1%,22.7%,18.0%,24.2%,26.5%,25.8%,23.8%,20.8%
3848,Wealthy Way Group Limited,Financials,Diversified Financial Services,Diversified Financials,120.3 M,2022,100.0%,100.0%,100.0%,100.0%,100.0%,100.0%,100.0%,100.0%,100.0%,100.0%,100.0%,100.0%,100.0%
3918,NagaCorp Ltd.,Consumer Discretionary,"Hotels, Restaurants & Leisure",Consumer Services,3.478 B,2022,86.3%,95.4%,79.1%,79.1%,90.7%,90.7%,52.2%,52.2%,50.5%,50.5%,46.1%,46.1%,50.7%
187,Beijing Jingcheng Machinery Electric Company Limited,Industrials,Machinery,Capital Goods,819.8 M,2022,10.4%,12.6%,12.3%,1.2%,11.5%,11.8%,13.4%,-10.2%,15.1%,15.2%,0.8%,-3.6%,7.5%
156,Lippo China Resources Limited,Consumer Staples,Food & Staples Retailing,Food & Staples Retailing,139.3 M,2022,49.0%,49.3%,48.8%,49.4%,53.6%,53.6%,58.3%,58.3%,68.4%,68.4%,41.9%,41.9%,41.9%
635,Playmates Holdings Limited,Consumer Discretionary,Leisure Products,Consumer Durables & Apparel,166.2 M,2022,60.9%,59.1%,62.4%,62.4%,57.7%,57.7%,66.0%,66.0%,66.0%,66.0%,74.0%,74.0%,67.3%
617,Paliburg Holdings Limited,Consumer Discretionary,"Hotels, Restaurants & Leisure",Consumer Services,255.6 M,2022,41.0%,46.1%,36.0%,36.0%,40.2%,40.2%,29.8%,29.8%,25.0%,25.0%,40.1%,40.1%,49.6%
535,Gemdale Properties and Investment Corporation Limited,Real Estate,Real Estate Management & Development,Real Estate,1.1 B,2022,6.1%,18.7%,3.2%,3.2%,12.8%,12.8%,38.1%,38.1%,22.8%,22.8%,46.7%,46.7%,27.1%
169,Wanda Hotel Development Company Limited,Real Estate,Real Estate Management & Development,Real Estate,161.6 M,2022,46.9%,47.3%,46.6%,46.6%,59.8%,59.8%,-,-,54.3%,54.3%,-,-,74.3%
531,Samson Holding Ltd.,Consumer Discretionary,Household Durables,Consumer Durables & Apparel,102.1 M,2022,25.5%,22.7%,28.7%,28.7%,24.9%,24.9%,27.8%,27.8%,25.0%,25.0%,22.8%,22.8%,26.9%
1088,China Shenhua Energy Company Limited,Energy,"Oil, Gas & Consumable Fuels",Energy,71.854 B,2022,34.2%,24.4%,47.9%,35.4%,45.4%,20.1%,37.7%,28.4%,41.4%,22.5%,43.7%,32.4%,43.0%
360,New Focus Auto Tech Holdings Limited,Consumer Discretionary,Auto Components,Automobiles & Components,100.9 M,2022,14.7%,13.7%,-,-,12.9%,12.9%,-,-,7.7%,7.7%,4.8%,4.8%,10.2%
818,Hi Sun Technology (China) Limited,Financials,Diversified Financial Services,Diversified Financials,279.5 M,2022,34.7%,-,32.4%,32.4%,-,-,25.0%,25.0%,-,-,18.1%,18.1%,25.0%
547,Digital Domain Holdings Limited,Communication Services,Entertainment,Media,137.9 M,2022,14.0%,14.6%,13.4%,13.4%,15.4%,15.4%,10.1%,10.1%,11.3%,11.3%,-,-,19.9%
194,Liu Chong Hing Investment Limited,Real Estate,Real Estate Management & Development,Real Estate,313.5 M,2022,54.5%,46.8%,61.4%,61.4%,53.3%,53.3%,60.4%,60.4%,58.0%,58.0%,57.9%,57.9%,66.8%
2218,"Yantai North Andre Juice Co.,Ltd.",Consumer Staples,Food Products,"Food, Beverage & Tobacco",735.2 M,2022,24.3%,27.8%,23.1%,22.0%,21.3%,19.7%,17.2%,-3.5%,32.6%,31.9%,25.6%,31.4%,31.8%
133,China Merchants China Direct Investments Limited,Financials,Diversified Financial Services,Diversified Financials,177.6 M,2022,100.0%,100.0%,100.0%,100.0%,100.0%,100.0%,100.0%,100.0%,100.0%,100.0%,100.0%,100.0%,100.0%
355,Century City International Holdings Limited,Consumer Discretionary,"Hotels, Restaurants & Leisure",Consumer Services,118.2 M,2022,41.1%,46.0%,36.2%,36.2%,40.4%,40.4%,31.1%,31.1%,25.6%,25.6%,40.9%,40.9%,49.7%
878,Soundwill Holdings Limited,Real Estate,Real Estate Management & Development,Real Estate,244.7 M,2022,82.7%,80.5%,84.5%,84.5%,83.5%,83.5%,89.8%,89.8%,88.9%,88.9%,80.6%,80.6%,73.9%
99,Wong's International Holdings Limited,Information Technology,"Electronic Equipment, Instruments & Components",Technology Hardware & Equipment,114 M,2022,25.7%,-,25.7%,25.7%,25.4%,25.4%,25.6%,25.6%,23.9%,23.9%,26.4%,26.4%,25.1%
31,China Aerospace International Holdings Limited,Information Technology,"Electronic Equipment, Instruments & Components",Technology Hardware & Equipment,169 M,2022,22.0%,19.6%,23.9%,23.9%,20.8%,20.8%,24.8%,24.8%,-,-,29.3%,29.3%,-
978,China Merchants Land Limited,Real Estate,Real Estate Management & Development,Real Estate,324.9 M,2022,13.4%,11.5%,15.6%,15.6%,17.9%,17.9%,19.9%,19.9%,24.1%,24.1%,29.4%,29.4%,32.5%
69,Shangri-La Asia Limited,Consumer Discretionary,"Hotels, Restaurants & Leisure",Consumer Services,3.142 B,2022,47.0%,45.9%,48.4%,48.4%,45.2%,45.2%,42.2%,42.2%,35.2%,35.2%,34.9%,34.9%,53.5%
1347,Hua Hong Semiconductor Limited,Information Technology,Semiconductors & Semiconductor Equipment,Semiconductors & Semiconductor Equipment,5.821 B,2022,32.6%,30.3%,30.3%,32.5%,27.1%,24.8%,23.7%,25.8%,24.2%,26.0%,21.1%,27.2%,31.0%
1811,"CGN New Energy Holdings Co., Ltd.",Utilities,Independent Power & Renewable Electricity Producers,Utilities,1.377 B,2022,47.4%,44.2%,51.2%,51.2%,48.5%,48.5%,56.5%,56.5%,57.2%,57.2%,51.4%,51.4%,41.2%
1977,Analogue Holdings Limited,Industrials,Construction & Engineering,Capital Goods,231.9 M,2022,15.6%,16.0%,15.1%,15.1%,18.4%,18.4%,13.8%,13.8%,18.7%,18.7%,16.7%,16.7%,17.6%
2588,BOC Aviation Limited,Industrials,Trading Companies & Distributors,Capital Goods,5.305 B,2022,100.0%,100.0%,100.0%,100.0%,100.0%,100.0%,100.0%,100.0%,100.0%,100.0%,100.0%,100.0%,100.0%
8328,Xinyi Electric Storage Holdings Limited,Industrials,Electrical Equipment,Capital Goods,391.1 M,2022,15.5%,17.1%,21.6%,27.0%,26.4%,24.6%,25.7%,16.1%,27.3%,23.0%,22.0%,17.3%,23.1%
2232,Crystal International Group Limited,Consumer Discretionary,"Textiles, Apparel & Luxury Goods",Consumer Durables & Apparel,1.047 B,2022,19.2%,19.9%,18.5%,18.5%,19.6%,19.6%,18.6%,18.6%,20.2%,20.2%,18.5%,18.5%,19.4%
2166,Smart-Core Holdings Limited,Information Technology,"Electronic Equipment, Instruments & Components",Technology Hardware & Equipment,127.2 M,2022,10.9%,9.6%,12.0%,12.0%,10.5%,10.5%,8.5%,8.5%,5.6%,5.6%,5.7%,5.7%,5.5%
1216,"Zhongyuan Bank Co., Ltd.",Financials,Banks,Banks,2.933 B,2022,-,-,-,-,-,-,-,-,-,-,-,-,-
1523,Plover Bay Technologies Limited,Information Technology,Communications Equipment,Technology Hardware & Equipment,348.6 M,2022,53.6%,51.8%,55.7%,55.7%,56.8%,56.8%,60.0%,60.0%,58.0%,58.0%,58.7%,58.7%,61.6%
2136,Lifestyle China Group Limited,Consumer Discretionary,Multiline Retail,Retailing,223.9 M,2022,58.4%,59.7%,56.7%,56.7%,62.6%,62.6%,59.0%,59.0%,62.5%,62.5%,58.1%,58.1%,66.3%
1272,"Datang Environment Industry Group Co., Ltd.",Industrials,Commercial Services & Supplies,Commercial & Professional Services,359.1 M,2022,14.8%,-,19.8%,22.1%,-20.6%,26.1%,12.2%,25.1%,21.9%,14.3%,15.7%,13.6%,12.9%
6088,FIT Hon Teng Limited,Information Technology,"Electronic Equipment, Instruments & Components",Technology Hardware & Equipment,1.715 B,2022,16.9%,17.2%,16.7%,16.7%,16.2%,16.2%,13.5%,13.5%,13.3%,13.3%,13.6%,13.6%,15.4%
1183,MECOM Power and Construction Limited,Industrials,Construction & Engineering,Capital Goods,515.9 M,2022,15.4%,12.3%,19.0%,19.0%,19.0%,19.0%,14.6%,14.6%,9.1%,9.1%,21.9%,21.9%,16.6%
2448,Space Group Holdings Limited,Industrials,Construction & Engineering,Capital Goods,349.1 M,2022,24.8%,18.8%,31.1%,31.1%,24.3%,24.3%,26.8%,26.8%,15.2%,15.2%,22.5%,22.5%,23.5%
1978,LH Group Limited,Consumer Discretionary,"Hotels, Restaurants & Leisure",Consumer Services,131.5 M,2022,29.2%,27.9%,33.9%,33.9%,34.7%,34.7%,30.4%,30.4%,26.9%,26.9%,33.8%,33.8%,29.0%
1231,Newton Resources Ltd,Industrials,Trading Companies & Distributors,Capital Goods,346.5 M,2022,1.4%,-0.7%,3.1%,3.1%,-7.3%,-7.3%,3.5%,3.5%,0.7%,0.7%,2.7%,2.7%,0.6%
661,China Daye Non-Ferrous Metals Mining Limited,Materials,Metals & Mining,Materials,161.9 M,2022,3.0%,2.4%,3.5%,3.5%,3.6%,3.6%,4.2%,4.2%,2.3%,2.3%,3.7%,3.7%,2.5%
6830,Huazhong In-Vehicle Holdings Company Limited,Consumer Discretionary,Auto Components,Automobiles & Components,558.9 M,2022,22.7%,26.8%,19.6%,19.6%,25.9%,25.9%,24.3%,24.3%,24.0%,24.0%,19.1%,19.1%,26.8%
3939,Wanguo International Mining Group Limited,Materials,Metals & Mining,Materials,208.9 M,2022,46.3%,44.5%,48.2%,48.2%,14.1%,14.1%,18.0%,18.0%,9.7%,9.7%,20.8%,20.8%,36.2%
1258,China Nonferrous Mining Corporation Limited,Materials,Metals & Mining,Materials,1.777 B,2022,24.0%,24.1%,24.0%,24.0%,29.3%,29.3%,26.2%,26.2%,20.7%,20.7%,24.9%,24.9%,21.9%
329,OCI International Holdings Limited,Financials,Capital Markets,Diversified Financials,137.6 M,2022,-375.8%,-95.6%,"-2,105.7%","-2,105.7%",48.1%,48.1%,47.1%,47.1%,95.8%,95.8%,88.3%,88.3%,92.9%
695,Dongwu Cement International Limited,Materials,Construction Materials,Materials,289 M,2022,0.9%,11.2%,-7.6%,-7.6%,16.2%,16.3%,21.8%,21.8%,-,-,16.7%,16.7%,-
3360,Far East Horizon Limited,Financials,Diversified Financial Services,Diversified Financials,3.75 B,2022,47.3%,48.7%,45.7%,45.7%,50.8%,50.8%,46.2%,46.2%,48.1%,48.1%,45.1%,45.1%,48.3%
3316,Binjiang Service Group Co. Ltd.,Industrials,Commercial Services & Supplies,Commercial & Professional Services,843.3 M,2022,29.9%,28.7%,31.5%,31.5%,31.5%,31.5%,33.0%,33.0%,29.5%,29.5%,32.9%,32.9%,27.4%
1689,Huaxi Holdings Company Limited,Materials,Containers & Packaging,Materials,120.6 M,2022,22.9%,17.7%,25.2%,25.2%,31.4%,31.4%,46.2%,46.2%,36.2%,36.2%,33.9%,33.9%,34.5%
1115,Tibet Water Resources Ltd.,Consumer Staples,Beverages,"Food, Beverage & Tobacco",214.7 M,2022,39.4%,34.0%,43.7%,43.7%,39.7%,39.7%,42.0%,42.0%,45.6%,45.6%,49.4%,49.4%,56.7%
1415,Cowell e Holdings Inc.,Information Technology,"Electronic Equipment, Instruments & Components",Technology Hardware & Equipment,2.101 B,2022,15.6%,16.1%,14.9%,14.9%,15.0%,15.0%,15.2%,15.2%,15.7%,15.7%,15.9%,15.9%,16.3%
6118,Austar Lifesciences Limited,Healthcare,Life Sciences Tools & Services,"Pharmaceuticals, Biotechnology & Life Sciences",139.7 M,2022,21.7%,21.4%,22.0%,22.0%,26.2%,26.2%,23.9%,23.9%,26.6%,26.6%,27.5%,27.5%,26.6%
1551,"Guangzhou Rural Commercial Bank Co., Ltd.",Financials,Banks,Banks,3.603 B,2022,-,-,-,-,-,-,-,-,-,-,-,-,-
1583,Qinqin Foodstuffs Group (Cayman) Company Limited,Consumer Staples,Food Products,"Food, Beverage & Tobacco",134.7 M,2022,25.8%,24.3%,27.0%,27.0%,23.8%,23.8%,25.7%,25.7%,27.9%,27.9%,34.6%,34.6%,38.5%
2278,Hailan Holdings Limited,Real Estate,Real Estate Management & Development,Real Estate,122.3 M,2022,29.5%,25.3%,38.9%,38.9%,60.8%,60.8%,74.2%,74.2%,34.6%,34.6%,30.2%,30.2%,53.1%
6885,Henan Jinma Energy Company Limited,Materials,Metals & Mining,Materials,196.4 M,2022,9.2%,5.3%,12.6%,12.6%,9.4%,9.4%,20.0%,20.0%,-,-,14.0%,14.0%,14.2%
2337,United Strength Power Holdings Limited,Consumer Discretionary,Specialty Retail,Retailing,290.1 M,2022,7.4%,6.6%,8.1%,8.1%,14.3%,14.3%,14.0%,14.0%,13.0%,13.0%,11.2%,11.2%,40.8%
1916,"Jiangxi Bank Co., Ltd.",Financials,Banks,Banks,782.8 M,2022,-,-,-,-,-,-,-,-,-,-,-,-,-
797,7Road Holdings Limited,Communication Services,Entertainment,Media,834.8 M,2022,46.2%,29.6%,57.0%,57.0%,43.0%,43.0%,70.3%,70.3%,78.0%,78.0%,90.5%,90.5%,82.3%
1735,Central Holding Group Co. Ltd.,Industrials,Construction & Engineering,Capital Goods,2.298 B,2022,3.6%,2.4%,4.5%,4.5%,5.4%,-11.7%,7.5%,7.5%,1.4%,1.4%,-5.8%,-5.8%,13.5%
1725,Hong Kong Aerospace Technology Group Limited,Information Technology,"Electronic Equipment, Instruments & Components",Technology Hardware & Equipment,461.3 M,2022,7.5%,9.6%,5.8%,5.8%,5.6%,5.6%,13.8%,13.8%,5.0%,5.0%,9.6%,9.6%,12.5%
1180,Paradise Entertainment Limited,Consumer Discretionary,"Hotels, Restaurants & Leisure",Consumer Services,119.3 M,2022,23.8%,11.2%,33.4%,33.4%,43.0%,43.0%,12.0%,12.0%,-3.6%,-3.6%,40.1%,40.1%,45.6%
3737,Zhongzhi Pharmaceutical Holdings Limited,Healthcare,Pharmaceuticals,"Pharmaceuticals, Biotechnology & Life Sciences",113.3 M,2022,58.7%,57.9%,59.7%,59.7%,60.0%,60.0%,61.6%,61.6%,61.5%,61.5%,62.1%,62.1%,62.5%
533,Goldlion Holdings Limited,Consumer Discretionary,Specialty Retail,Retailing,157.1 M,2022,54.4%,50.3%,59.6%,59.6%,61.9%,61.9%,65.1%,65.1%,62.3%,62.3%,53.9%,53.9%,56.7%
716,Singamas Container Holdings Limited,Industrials,Machinery,Capital Goods,191.2 M,2022,18.9%,-7.7%,36.0%,36.0%,42.9%,42.9%,39.9%,39.9%,38.3%,38.3%,35.4%,35.4%,28.8%
201,Magnificent Hotel Investments Limited,Consumer Discretionary,"Hotels, Restaurants & Leisure",Consumer Services,129.9 M,2022,56.2%,37.6%,67.2%,67.2%,33.4%,33.4%,44.2%,44.2%,56.2%,56.2%,10.7%,10.7%,23.9%
655,Hongkong Chinese Limited,Real Estate,Real Estate Management & Development,Real Estate,129.8 M,2022,98.1%,97.4%,98.8%,98.8%,74.0%,74.0%,-,-,98.2%,98.2%,97.5%,97.5%,94.8%
733,Hopefluent Group Holdings Limited,Real Estate,Real Estate Management & Development,Real Estate,178.6 M,2022,97.5%,100.0%,95.3%,95.3%,100.1%,100.1%,99.9%,99.9%,100.0%,100.0%,-,-,100.0%
2343,Pacific Basin Shipping Limited,Industrials,Marine,Transportation,2.151 B,2022,22.3%,15.6%,28.4%,28.4%,30.6%,30.6%,15.6%,15.6%,4.9%,4.9%,-0.3%,-0.3%,5.0%
93,Termbray Industries International (Holdings) Limited,Real Estate,Real Estate Management & Development,Real Estate,180.1 M,2022,69.3%,70.7%,70.2%,93.0%,76.1%,76.1%,84.0%,84.0%,72.8%,72.8%,65.4%,65.4%,69.2%
258,Tomson Group Limited,Real Estate,Real Estate Management & Development,Real Estate,421.8 M,2022,75.2%,60.0%,87.3%,87.3%,86.4%,86.4%,55.9%,55.9%,50.5%,50.5%,64.4%,64.4%,58.6%
408,Yip's Chemical Holdings Limited,Materials,Chemicals,Materials,273.7 M,2022,21.4%,-,12.4%,12.4%,11.4%,11.4%,13.0%,13.0%,17.0%,17.0%,14.6%,14.6%,14.3%
769,China Rare Earth Holdings Limited,Materials,Metals & Mining,Materials,134.2 M,2022,7.5%,11.1%,5.4%,5.4%,9.2%,9.2%,5.5%,5.5%,8.7%,8.7%,5.9%,5.9%,9.8%
551,Yue Yuen Industrial (Holdings) Limited,Consumer Discretionary,"Textiles, Apparel & Luxury Goods",Consumer Durables & Apparel,2.264 B,2022,23.8%,24.9%,22.8%,23.7%,23.3%,19.7%,26.1%,25.5%,24.4%,21.1%,19.7%,21.1%,25.0%
618,Peking University Resources (Holdings) Company Limited,Real Estate,Real Estate Management & Development,Real Estate,132.6 M,2022,-22.5%,-,-,-,-,-,6.5%,6.5%,4.1%,4.1%,10.2%,10.2%,3.4%
412,Shandong Hi-Speed Holdings Group Limited,Financials,Diversified Financial Services,Diversified Financials,3.811 B,2022,21.5%,19.5%,7.0%,7.0%,44.7%,44.7%,-91.3%,-91.3%,45.8%,45.8%,69.4%,69.4%,56.4%
8227,"Xi'an Haitian Antenna Technologies Co., Ltd.",Information Technology,Communications Equipment,Technology Hardware & Equipment,106.4 M,2022,26.5%,35.6%,31.4%,19.6%,25.9%,25.7%,54.0%,35.9%,28.0%,-5.0%,4.8%,4.5%,13.3%
120,Cosmopolitan International Holdings Limited,Real Estate,Real Estate Management & Development,Real Estate,1.649 B,2022,34.2%,33.1%,34.9%,34.9%,94.4%,94.4%,49.0%,49.0%,23.6%,23.6%,15.7%,15.7%,43.4%
1098,Road King Infrastructure Limited,Real Estate,Real Estate Management & Development,Real Estate,304.5 M,2022,17.1%,9.3%,36.3%,36.3%,20.9%,20.9%,25.8%,25.8%,24.4%,24.4%,31.6%,31.6%,33.0%
10,Hang Lung Group Limited,Real Estate,Real Estate Management & Development,Real Estate,2.39 B,2022,70.6%,70.6%,70.7%,70.7%,70.2%,70.2%,72.8%,72.8%,71.1%,71.1%,71.6%,71.6%,70.7%
2038,FIH Mobile Limited,Information Technology,"Electronic Equipment, Instruments & Components",Technology Hardware & Equipment,877.9 M,2022,2.0%,2.1%,2.0%,2.0%,3.5%,3.5%,1.6%,1.6%,1.9%,1.9%,-0.1%,-0.1%,-
1126,Dream International Limited,Consumer Discretionary,Leisure Products,Consumer Durables & Apparel,365.6 M,2022,19.7%,21.5%,17.4%,17.4%,12.8%,12.8%,12.8%,12.8%,18.7%,18.7%,15.9%,15.9%,27.0%
580,Sun.King Technology Group Limited,Industrials,Electrical Equipment,Capital Goods,378 M,2022,28.5%,29.3%,27.5%,27.5%,35.7%,35.7%,25.8%,25.8%,38.8%,38.8%,30.3%,30.3%,29.8%
853,MicroPort Scientific Corporation,Healthcare,Healthcare Equipment & Supplies,Healthcare Equipment & Services,4.703 B,2022,61.6%,61.2%,62.0%,62.0%,64.4%,64.4%,63.9%,63.9%,70.9%,70.9%,70.5%,70.5%,71.7%
1091,South Manganese Investment Limited,Materials,Metals & Mining,Materials,231.5 M,2022,15.7%,12.6%,18.9%,18.9%,16.9%,16.9%,13.6%,13.6%,12.7%,12.7%,8.4%,8.4%,11.6%
1719,China Infrastructure & Logistics Group Ltd.,Industrials,Transportation Infrastructure,Transportation,219.8 M,2022,26.7%,19.6%,37.1%,37.1%,10.2%,10.2%,33.9%,33.9%,13.8%,13.8%,56.1%,56.1%,25.7%
337,Greenland Hong Kong Holdings Limited,Real Estate,Real Estate Management & Development,Real Estate,236.4 M,2022,20.7%,18.5%,21.2%,21.2%,30.7%,30.7%,20.6%,20.6%,33.5%,33.5%,28.3%,28.3%,35.6%
3989,Capital Environment Holdings Limited,Industrials,Commercial Services & Supplies,Commercial & Professional Services,264.1 M,2022,30.2%,32.2%,28.5%,28.5%,31.5%,31.5%,28.0%,28.0%,26.0%,26.0%,24.4%,24.4%,25.4%
1383,LET Group Holdings Limited,Consumer Discretionary,"Hotels, Restaurants & Leisure",Consumer Services,160.8 M,2022,37.2%,49.3%,29.2%,29.1%,27.9%,27.9%,-,-,14.2%,14.2%,-0.2%,-0.2%,8.6%
78,Regal Hotels International Holdings Limited,Consumer Discretionary,"Hotels, Restaurants & Leisure",Consumer Services,360.7 M,2022,50.0%,63.7%,20.9%,20.9%,32.1%,32.1%,-85.6%,-85.6%,-11.9%,-11.9%,47.8%,47.8%,47.6%
1543,"Guangdong Join-Share Financing Guarantee Investment Co., Ltd.",Financials,Consumer Finance,Diversified Financials,355.9 M,2022,55.3%,66.5%,43.5%,43.5%,55.6%,55.6%,40.9%,40.9%,61.8%,61.8%,59.1%,59.1%,68.6%
1548,Genscript Biotech Corporation,Healthcare,Life Sciences Tools & Services,"Pharmaceuticals, Biotechnology & Life Sciences",4.982 B,2022,58.1%,57.6%,58.6%,58.6%,60.4%,60.4%,65.8%,65.8%,65.0%,65.0%,66.9%,66.9%,64.7%
2302,CNNC International Limited,Industrials,Trading Companies & Distributors,Capital Goods,115.9 M,2022,4.8%,3.1%,-,-,1.7%,1.7%,-6.2%,-6.2%,1.1%,1.1%,0.9%,0.9%,1.3%
1205,CITIC Resources Holdings Limited,Industrials,Trading Companies & Distributors,Capital Goods,430.4 M,2022,32.1%,32.9%,31.3%,31.3%,21.4%,21.4%,12.7%,12.7%,-5.3%,-5.3%,11.2%,11.2%,10.3%
1168,Sinolink Worldwide Holdings Limited,Real Estate,Real Estate Management & Development,Real Estate,134 M,2022,-11.3%,-22.0%,9.8%,9.8%,-11.2%,-11.2%,-205.0%,-205.0%,-70.3%,-70.3%,616.6%,616.6%,-267.5%
108,GR Properties Limited,Real Estate,Real Estate Management & Development,Real Estate,387.2 M,2022,62.2%,67.9%,55.5%,55.5%,59.3%,59.3%,-,-,58.8%,58.8%,53.9%,53.9%,60.0%
563,Shanghai Industrial Urban Development Group Limited,Real Estate,Real Estate Management & Development,Real Estate,317.4 M,2022,26.9%,41.7%,17.8%,17.8%,26.5%,26.5%,40.4%,40.4%,24.0%,24.0%,45.1%,45.1%,43.1%
158,Melbourne Enterprises Limited,Real Estate,Real Estate Management & Development,Real Estate,388.9 M,2022,77.4%,76.6%,78.2%,78.2%,66.8%,66.8%,71.8%,71.8%,80.0%,80.0%,83.4%,83.4%,86.3%
340,Tongguan Gold Group Limited,Materials,Metals & Mining,Materials,172.9 M,2022,34.5%,35.4%,34.1%,34.1%,35.7%,35.7%,20.8%,20.8%,25.8%,25.8%,1.1%,1.1%,21.4%
662,Asia Financial Holdings Limited,Financials,Insurance,Insurance,386.3 M,2022,34.4%,21.1%,43.9%,43.9%,41.0%,41.0%,51.7%,51.7%,16.9%,16.9%,31.8%,31.8%,42.1%
50,Hong Kong Ferry (Holdings) Company Limited,Real Estate,Real Estate Management & Development,Real Estate,331.3 M,2022,35.9%,29.3%,42.7%,42.7%,32.6%,32.6%,32.6%,32.6%,19.1%,19.1%,37.6%,37.6%,35.6%
346,Yanchang Petroleum International Limited,Energy,"Oil, Gas & Consumable Fuels",Energy,126.1 M,2022,2.2%,2.1%,2.3%,2.3%,1.6%,1.6%,0.6%,0.6%,0.8%,0.8%,2.7%,2.7%,2.9%
431,Greater China Financial Holdings Limited,Financials,Consumer Finance,Diversified Financials,129.8 M,2022,57.1%,52.2%,62.5%,62.5%,24.6%,24.6%,28.0%,28.0%,-50.4%,-50.4%,44.9%,44.9%,55.3%
228,China Energy Development Holdings Limited,Energy,"Oil, Gas & Consumable Fuels",Energy,124.7 M,2022,84.8%,85.8%,84.1%,84.1%,82.8%,82.8%,89.3%,89.3%,79.9%,79.9%,65.2%,65.2%,80.8%
251,S E A Holdings Limited,Real Estate,Real Estate Management & Development,Real Estate,145.7 M,2022,99.0%,98.9%,99.1%,99.1%,99.0%,99.0%,99.1%,99.1%,99.2%,99.2%,99.3%,99.3%,99.7%
535,Gemdale Properties and Investment Corporation Limited,Real Estate,Real Estate Management & Development,Real Estate,1.1 B,2022,6.1%,18.7%,3.2%,3.2%,12.8%,12.8%,38.1%,38.1%,22.8%,22.8%,46.7%,46.7%,27.1%
2878,Solomon Systech (International) Limited,Information Technology,Semiconductors & Semiconductor Equipment,Semiconductors & Semiconductor Equipment,158.9 M,2022,34.3%,28.3%,38.9%,38.9%,40.9%,40.9%,38.9%,38.9%,33.0%,33.0%,25.8%,25.8%,22.0%
1708,Nanjing Sample Technology Company Limited,Information Technology,"Electronic Equipment, Instruments & Components",Technology Hardware & Equipment,423.8 M,2022,14.7%,8.7%,24.3%,24.3%,14.9%,14.9%,12.5%,12.5%,31.4%,31.4%,29.7%,29.7%,24.1%
240,Build King Holdings Limited,Industrials,Construction & Engineering,Capital Goods,159.8 M,2022,7.9%,7.5%,8.4%,8.4%,7.4%,7.4%,7.3%,7.3%,7.0%,7.0%,11.2%,11.2%,9.6%
1184,S.A.S. Dragon Holdings Limited,Information Technology,"Electronic Equipment, Instruments & Components",Technology Hardware & Equipment,274.3 M,2022,4.4%,4.8%,4.1%,4.1%,4.9%,4.9%,4.0%,4.0%,4.8%,4.8%,4.8%,4.8%,5.0%
560,Chu Kong Shipping Enterprises (Group) Company Limited,Industrials,Marine,Transportation,138.5 M,2022,8.8%,10.2%,7.6%,7.6%,12.7%,12.7%,10.4%,10.4%,11.2%,11.2%,8.7%,8.7%,15.5%
393,Glorious Sun Enterprises Limited,Consumer Discretionary,Specialty Retail,Retailing,151.8 M,2022,15.3%,15.2%,15.4%,15.4%,18.4%,18.4%,26.2%,26.2%,16.2%,16.2%,19.7%,19.7%,17.2%
97,Henderson Investment Limited,Consumer Discretionary,Multiline Retail,Retailing,108.7 M,2022,9.1%,7.7%,10.5%,10.5%,10.1%,10.1%,11.2%,11.2%,13.9%,13.9%,13.2%,13.2%,15.4%
809,Global Bio-chem Technology Group Company Limited,Consumer Staples,Food Products,"Food, Beverage & Tobacco",147.5 M,2022,2.5%,7.5%,0.4%,0.4%,6.6%,6.6%,7.6%,7.6%,8.5%,8.5%,9.2%,9.2%,2.2%
99,Wong's International Holdings Limited,Information Technology,"Electronic Equipment, Instruments & Components",Technology Hardware & Equipment,114 M,2022,25.7%,-,25.7%,25.7%,25.4%,25.4%,25.6%,25.6%,23.9%,23.9%,26.4%,26.4%,25.1%
31,China Aerospace International Holdings Limited,Information Technology,"Electronic Equipment, Instruments & Components",Technology Hardware & Equipment,169 M,2022,22.0%,19.6%,23.9%,23.9%,20.8%,20.8%,24.8%,24.8%,-,-,29.3%,29.3%,-
2383,TOM Group Limited,Communication Services,Media,Media,327.5 M,2022,40.4%,41.1%,39.6%,39.6%,41.0%,41.0%,38.9%,38.9%,39.7%,39.7%,37.1%,37.1%,44.6%
169,Wanda Hotel Development Company Limited,Real Estate,Real Estate Management & Development,Real Estate,161.6 M,2022,46.9%,47.3%,46.6%,46.6%,59.8%,59.8%,-,-,54.3%,54.3%,-,-,74.3%
255,Lung Kee (Bermuda) Holdings Limited,Industrials,Machinery,Capital Goods,200.4 M,2022,60.4%,-,58.0%,58.0%,58.8%,58.8%,61.6%,61.6%,61.2%,61.2%,60.4%,60.4%,60.0%
719,Shandong Xinhua Pharmaceutical Company Limited,Healthcare,Pharmaceuticals,"Pharmaceuticals, Biotechnology & Life Sciences",1.749 B,2022,27.2%,27.9%,22.9%,27.3%,21.6%,27.5%,27.4%,29.1%,30.4%,31.9%,27.2%,28.3%,32.8%
226,Lippo Limited,Consumer Staples,Food & Staples Retailing,Food & Staples Retailing,141.4 M,2022,54.3%,54.6%,54.0%,54.0%,56.8%,56.8%,-,-,118.9%,118.9%,43.6%,43.6%,43.7%
775,"CK Life Sciences Int'l., (Holdings) Inc.",Healthcare,Biotechnology,"Pharmaceuticals, Biotechnology & Life Sciences",930.5 M,2022,30.8%,30.9%,30.8%,30.8%,29.2%,29.2%,31.2%,31.2%,25.3%,25.3%,31.9%,31.9%,31.4%
568,Shandong Molong Petroleum Machinery Company Limited,Energy,Energy Equipment & Services,Energy,390.4 M,2022,1.1%,-0.9%,6.8%,-6.6%,6.5%,10.6%,2.3%,0.4%,1.9%,3.7%,7.5%,3.1%,7.7%
360,New Focus Auto Tech Holdings Limited,Consumer Discretionary,Auto Components,Automobiles & Components,100.9 M,2022,14.7%,13.7%,-,-,12.9%,12.9%,-,-,7.7%,7.7%,4.8%,4.8%,10.2%
2002,China Sunshine Paper Holdings Company Limited,Materials,Containers & Packaging,Materials,274 M,2022,15.7%,13.9%,17.6%,17.6%,21.0%,21.0%,21.5%,21.5%,21.5%,21.5%,21.8%,21.8%,18.1%
1836,Stella International Holdings Limited,Consumer Discretionary,"Textiles, Apparel & Luxury Goods",Consumer Durables & Apparel,811.4 M,2022,21.6%,23.4%,19.8%,19.8%,21.0%,21.0%,20.0%,20.0%,18.7%,18.7%,16.6%,16.6%,20.0%
486,"United Company RUSAL, International Public Joint-Stock Company",Materials,Metals & Mining,Materials,7.626 B,2022,22.9%,11.9%,33.4%,33.4%,31.9%,31.9%,29.9%,29.9%,21.1%,21.1%,12.3%,12.3%,15.6%
1928,Sands China Ltd.,Consumer Discretionary,"Hotels, Restaurants & Leisure",Consumer Services,27.425 B,2022,30.3%,16.1%,41.1%,41.1%,53.6%,53.6%,65.1%,65.1%,31.7%,31.7%,33.4%,33.4%,82.2%
757,Solargiga Energy Holdings Limited,Information Technology,Semiconductors & Semiconductor Equipment,Semiconductors & Semiconductor Equipment,116.4 M,2022,10.4%,8.5%,-,-,13.2%,13.2%,-,-,10.7%,10.7%,9.7%,9.7%,4.9%
1029,IRC Limited,Materials,Metals & Mining,Materials,112.9 M,2022,34.0%,32.8%,35.5%,35.5%,57.8%,57.8%,41.7%,41.7%,31.5%,31.5%,16.5%,16.5%,20.4%
1308,SITC International Holdings Company Limited,Industrials,Marine,Transportation,5.741 B,2022,48.1%,41.8%,53.3%,53.3%,45.4%,45.4%,41.8%,41.8%,30.4%,30.4%,21.3%,21.3%,19.2%
1231,Newton Resources Ltd,Industrials,Trading Companies & Distributors,Capital Goods,346.5 M,2022,1.4%,-0.7%,3.1%,3.1%,-7.3%,-7.3%,3.5%,3.5%,0.7%,0.7%,2.7%,2.7%,0.6%
1576,Qilu Expressway Company Limited,Industrials,Transportation Infrastructure,Transportation,580.9 M,2022,39.6%,28.8%,60.7%,60.7%,63.2%,63.2%,70.1%,70.1%,65.3%,65.3%,40.6%,40.6%,53.4%
3360,Far East Horizon Limited,Financials,Diversified Financial Services,Diversified Financials,3.75 B,2022,47.3%,48.7%,45.7%,45.7%,50.8%,50.8%,46.2%,46.2%,48.1%,48.1%,45.1%,45.1%,48.3%
1911,China Renaissance Holdings Limited,Financials,Capital Markets,Diversified Financials,517.7 M,2022,100.0%,100.0%,100.0%,100.0%,100.0%,100.0%,100.0%,100.0%,100.0%,100.0%,100.0%,100.0%,100.0%
1329,Beijing Capital Grand Limited,Real Estate,Real Estate Management & Development,Real Estate,223.9 M,2022,42.2%,34.6%,50.1%,50.1%,44.4%,44.4%,50.7%,50.7%,36.2%,36.2%,29.8%,29.8%,38.8%
695,Dongwu Cement International Limited,Materials,Construction Materials,Materials,289 M,2022,0.9%,11.2%,-7.6%,-7.6%,16.2%,16.3%,21.8%,21.8%,-,-,16.7%,16.7%,-
3316,Binjiang Service Group Co. Ltd.,Industrials,Commercial Services & Supplies,Commercial & Professional Services,843.3 M,2022,29.9%,28.7%,31.5%,31.5%,31.5%,31.5%,33.0%,33.0%,29.5%,29.5%,32.9%,32.9%,27.4%
3390,Tycoon Group Holdings Limited,Healthcare,Healthcare Providers & Services,Healthcare Equipment & Services,547.3 M,2022,20.0%,21.8%,15.8%,15.8%,15.9%,15.9%,5.3%,5.3%,19.7%,19.7%,26.6%,26.6%,27.8%
1745,Lvji Technology Holdings Inc.,Information Technology,Software,Software & Services,127.2 M,2022,39.7%,40.0%,39.3%,39.3%,32.9%,32.9%,27.9%,27.9%,33.1%,33.1%,4.6%,4.6%,43.5%
1442,Infinity Logistics and Transport Ventures Limited,Industrials,Air Freight & Logistics,Transportation,297.1 M,2022,25.8%,25.2%,26.7%,26.7%,24.0%,24.0%,23.5%,23.5%,23.9%,23.9%,27.3%,27.3%,23.9%
3886,Town Health International Medical Group Limited,Healthcare,Healthcare Providers & Services,Healthcare Equipment & Services,280.4 M,2022,28.4%,26.5%,30.2%,30.2%,33.4%,33.4%,26.0%,26.0%,27.6%,27.6%,31.1%,31.1%,35.4%
6805,Kimou Environmental Holding Limited,Industrials,Commercial Services & Supplies,Commercial & Professional Services,130.2 M,2022,66.5%,-,63.0%,63.0%,61.1%,61.1%,64.3%,64.3%,68.0%,68.0%,70.6%,70.6%,67.4%
1817,Mulsanne Group Holding Limited,Consumer Discretionary,Specialty Retail,Retailing,303.8 M,2022,48.9%,51.2%,47.2%,47.2%,51.8%,51.8%,45.3%,45.3%,38.7%,38.7%,47.2%,47.2%,49.7%
837,Carpenter Tan Holdings Limited,Consumer Discretionary,"Textiles, Apparel & Luxury Goods",Consumer Durables & Apparel,106.5 M,2022,59.5%,60.0%,59.0%,59.0%,61.7%,61.7%,56.9%,56.9%,56.8%,56.8%,56.8%,56.8%,62.5%
982,Huafa Property Services Group Company Limited,Real Estate,Real Estate Management & Development,Real Estate,189.7 M,2022,25.8%,26.5%,25.2%,25.2%,29.6%,29.6%,25.6%,25.6%,30.8%,30.8%,6.8%,6.8%,35.6%
848,Maoye International Holdings Limited,Consumer Discretionary,Multiline Retail,Retailing,159.1 M,2022,65.7%,-,65.0%,65.0%,64.4%,64.4%,64.5%,64.5%,58.4%,58.4%,57.0%,57.0%,67.0%
976,Chiho Environmental Group Limited,Industrials,Commercial Services & Supplies,Commercial & Professional Services,139 M,2022,7.0%,5.9%,8.2%,8.2%,9.0%,9.0%,8.4%,8.4%,5.4%,5.4%,5.4%,5.4%,5.9%
1733,E-Commodities Holdings Limited,Industrials,Trading Companies & Distributors,Capital Goods,496 M,2022,9.3%,9.9%,8.7%,8.7%,15.5%,15.5%,11.1%,11.1%,7.6%,7.6%,6.0%,6.0%,3.6%
1085,Hengxin Technology Ltd.,Information Technology,Communications Equipment,Technology Hardware & Equipment,106.8 M,2022,18.4%,20.1%,16.7%,16.7%,17.0%,17.0%,20.9%,20.9%,22.9%,22.9%,22.9%,22.9%,23.2%
1127,Lion Rock Group Limited,Industrials,Commercial Services & Supplies,Commercial & Professional Services,108.9 M,2022,30.0%,33.3%,26.2%,26.2%,25.2%,25.2%,23.7%,23.7%,25.6%,25.6%,28.0%,28.0%,28.0%
661,China Daye Non-Ferrous Metals Mining Limited,Materials,Metals & Mining,Materials,161.9 M,2022,3.0%,2.4%,3.5%,3.5%,3.6%,3.6%,4.2%,4.2%,2.3%,2.3%,3.7%,3.7%,2.5%
1263,PC Partner Group Limited,Information Technology,"Technology Hardware, Storage & Peripherals",Technology Hardware & Equipment,286.6 M,2022,14.5%,4.7%,20.7%,20.7%,28.1%,28.1%,27.2%,27.2%,11.1%,11.1%,9.0%,9.0%,8.6%
3315,Goldpac Group Limited,Information Technology,"Technology Hardware, Storage & Peripherals",Technology Hardware & Equipment,169.1 M,2022,26.3%,26.2%,26.5%,26.5%,28.3%,28.3%,30.6%,30.6%,30.8%,30.8%,28.8%,28.8%,27.8%
288,WH Group Limited,Consumer Staples,Food Products,"Food, Beverage & Tobacco",8.035 B,2022,17.9%,20.8%,16.0%,16.0%,18.4%,18.4%,13.2%,13.2%,17.0%,17.0%,21.1%,21.1%,17.9%
2399,China Anchu Energy Storage Group Limited,Consumer Discretionary,"Textiles, Apparel & Luxury Goods",Consumer Durables & Apparel,146.5 M,2022,33.1%,33.3%,-,-,20.9%,20.9%,25.5%,25.5%,33.9%,33.9%,37.3%,37.3%,38.2%
2337,United Strength Power Holdings Limited,Consumer Discretionary,Specialty Retail,Retailing,290.1 M,2022,7.4%,6.6%,8.1%,8.1%,14.3%,14.3%,14.0%,14.0%,13.0%,13.0%,11.2%,11.2%,40.8%
1725,Hong Kong Aerospace Technology Group Limited,Information Technology,"Electronic Equipment, Instruments & Components",Technology Hardware & Equipment,461.3 M,2022,7.5%,9.6%,5.8%,5.8%,5.6%,5.6%,13.8%,13.8%,5.0%,5.0%,9.6%,9.6%,12.5%
6190,"Bank of Jiujiang Co., Ltd.",Financials,Banks,Banks,2.926 B,2022,-,-,-,-,-,-,-,-,-,-,-,-,-
1521,Frontage Holdings Corporation,Healthcare,Life Sciences Tools & Services,"Pharmaceuticals, Biotechnology & Life Sciences",599.3 M,2022,37.2%,37.2%,37.3%,37.3%,34.8%,34.8%,35.7%,35.7%,28.9%,28.9%,35.6%,35.6%,38.7%
6117,"Rizhao Port Jurong Co., Ltd.",Industrials,Transportation Infrastructure,Transportation,116.3 M,2022,33.4%,36.8%,30.0%,30.0%,38.9%,38.9%,29.7%,29.7%,47.9%,47.9%,36.9%,36.9%,51.6%
1332,Touyun Biotech Group Limited,Materials,Containers & Packaging,Materials,246.6 M,2022,36.3%,35.2%,37.5%,37.5%,38.0%,38.0%,46.6%,46.6%,33.7%,33.7%,34.3%,34.3%,38.7%
1853,Jilin Province Chuncheng Heating Company Limited,Utilities,Water Utilities,Utilities,115.9 M,2022,17.4%,17.6%,16.5%,16.5%,26.5%,26.5%,13.4%,13.4%,27.4%,27.4%,15.3%,15.3%,-4.8%
1921,Dalipal Holdings Limited,Energy,Energy Equipment & Services,Energy,421.9 M,2022,14.5%,17.6%,10.8%,10.8%,12.1%,12.1%,10.2%,10.2%,4.4%,4.4%,11.1%,11.1%,19.4%
1692,Town Ray Holdings Limited,Consumer Discretionary,Household Durables,Consumer Durables & Apparel,146.3 M,2022,31.9%,34.7%,29.1%,29.1%,28.6%,28.6%,29.5%,29.5%,34.4%,34.4%,33.4%,33.4%,36.4%
9936,Ximei Resources Holding Limited,Materials,Metals & Mining,Materials,176.6 M,2022,32.8%,34.8%,30.5%,30.5%,24.2%,24.2%,25.7%,25.7%,29.9%,29.9%,25.4%,25.4%,27.6%
1463,C-Link Squared Limited,Industrials,Professional Services,Commercial & Professional Services,431.1 M,2022,21.5%,17.9%,24.8%,24.8%,22.3%,22.3%,24.8%,24.8%,25.3%,25.3%,43.9%,-,40.8%
9906,Honliv Healthcare Management Group Company Limited,Healthcare,Healthcare Providers & Services,Healthcare Equipment & Services,183.4 M,2022,22.4%,23.5%,21.1%,21.1%,23.6%,23.6%,27.1%,27.1%,25.2%,25.2%,30.8%,30.8%,33.2%
875,China Finance Investment Holdings Limited,Consumer Staples,Food Products,"Food, Beverage & Tobacco",236.3 M,2022,9.7%,8.5%,11.0%,11.0%,15.6%,15.6%,1.7%,1.7%,16.9%,16.9%,1.9%,1.9%,4.8%
1916,"Jiangxi Bank Co., Ltd.",Financials,Banks,Banks,782.8 M,2022,-,-,-,-,-,-,-,-,-,-,-,-,-
1183,MECOM Power and Construction Limited,Industrials,Construction & Engineering,Capital Goods,515.9 M,2022,15.4%,12.3%,19.0%,19.0%,19.0%,19.0%,14.6%,14.6%,9.1%,9.1%,21.9%,21.9%,16.6%
797,7Road Holdings Limited,Communication Services,Entertainment,Media,834.8 M,2022,46.2%,29.6%,57.0%,57.0%,43.0%,43.0%,70.3%,70.3%,78.0%,78.0%,90.5%,90.5%,82.3%
1652,Fusen Pharmaceutical Company Limited,Healthcare,Pharmaceuticals,"Pharmaceuticals, Biotechnology & Life Sciences",117.9 M,2022,51.2%,48.1%,54.2%,54.2%,55.2%,55.2%,55.7%,55.7%,53.7%,53.7%,50.1%,50.1%,54.4%
6896,Golden Throat Holdings Group Company Limited,Consumer Staples,Personal Products,Household & Personal Products,243 M,2022,69.7%,72.8%,67.6%,67.6%,73.8%,73.8%,73.0%,73.0%,74.7%,74.7%,76.1%,76.1%,73.7%
1347,Hua Hong Semiconductor Limited,Information Technology,Semiconductors & Semiconductor Equipment,Semiconductors & Semiconductor Equipment,5.821 B,2022,32.6%,30.3%,30.3%,32.5%,27.1%,24.8%,23.7%,25.8%,24.2%,26.0%,21.1%,27.2%,31.0%
1415,Cowell e Holdings Inc.,Information Technology,"Electronic Equipment, Instruments & Components",Technology Hardware & Equipment,2.101 B,2022,15.6%,16.1%,14.9%,14.9%,15.0%,15.0%,15.2%,15.2%,15.7%,15.7%,15.9%,15.9%,16.3%
1811,"CGN New Energy Holdings Co., Ltd.",Utilities,Independent Power & Renewable Electricity Producers,Utilities,1.377 B,2022,47.4%,44.2%,51.2%,51.2%,48.5%,48.5%,56.5%,56.5%,57.2%,57.2%,51.4%,51.4%,41.2%
89,Tai Sang Land Development Limited,Real Estate,Real Estate Management & Development,Real Estate,148.1 M,2022,63.5%,62.3%,64.6%,64.6%,68.6%,68.6%,70.1%,70.1%,80.6%,80.6%,74.5%,74.5%,76.3%
1224,C C Land Holdings Limited,Real Estate,Real Estate Management & Development,Real Estate,845.7 M,2022,95.2%,94.1%,96.1%,96.1%,96.6%,96.6%,97.0%,97.0%,99.3%,99.3%,99.5%,99.5%,98.8%
1626,Jia Yao Holdings Limited,Materials,Containers & Packaging,Materials,305.7 M,2022,9.5%,10.3%,8.5%,8.5%,10.5%,10.5%,13.0%,13.0%,12.5%,12.5%,21.7%,21.7%,21.6%
1738,Feishang Anthracite Resources Limited,Energy,"Oil, Gas & Consumable Fuels",Energy,119.6 M,2022,44.6%,43.3%,46.0%,46.0%,32.9%,32.9%,-,-,27.7%,27.7%,-,-,43.8%
1977,Analogue Holdings Limited,Industrials,Construction & Engineering,Capital Goods,231.9 M,2022,15.6%,16.0%,15.1%,15.1%,18.4%,18.4%,13.8%,13.8%,18.7%,18.7%,16.7%,16.7%,17.6%
6118,Austar Lifesciences Limited,Healthcare,Life Sciences Tools & Services,"Pharmaceuticals, Biotechnology & Life Sciences",139.7 M,2022,21.7%,21.4%,22.0%,22.0%,26.2%,26.2%,23.9%,23.9%,26.6%,26.6%,27.5%,27.5%,26.6%
6093,Hevol Services Group Co. Limited,Real Estate,Real Estate Management & Development,Real Estate,255.4 M,2022,33.0%,32.6%,33.5%,33.5%,35.9%,35.9%,36.9%,36.9%,34.1%,34.1%,36.2%,36.2%,31.5%
2377,"China Boqi Environmental (Holding) Co., Ltd.",Industrials,Commercial Services & Supplies,Commercial & Professional Services,120.4 M,2022,20.6%,21.0%,19.9%,19.9%,17.4%,17.4%,19.9%,19.9%,17.5%,17.5%,25.4%,25.4%,17.0%
811,"Xinhua Winshare Publishing and Media Co., Ltd.",Consumer Discretionary,Distributors,Retailing,1.501 B,2022,34.2%,41.8%,32.4%,33.2%,31.4%,40.2%,39.6%,36.9%,34.5%,43.8%,40.7%,36.1%,34.7%
2225,Jinhai International Group Holdings Limited,Industrials,Professional Services,Commercial & Professional Services,424.6 M,2022,37.5%,34.2%,41.7%,41.7%,29.6%,29.6%,50.4%,50.4%,32.5%,32.5%,25.3%,25.3%,22.3%
819,Tianneng Power International Limited,Consumer Discretionary,Auto Components,Automobiles & Components,1.374 B,2022,8.6%,9.2%,7.7%,7.7%,5.4%,5.4%,5.3%,5.3%,10.9%,10.9%,9.3%,9.3%,13.6%
1978,LH Group Limited,Consumer Discretionary,"Hotels, Restaurants & Leisure",Consumer Services,131.5 M,2022,29.2%,27.9%,33.9%,33.9%,34.7%,34.7%,30.4%,30.4%,26.9%,26.9%,33.8%,33.8%,29.0%
1034,Fullwealth International Group Holdings Limited,Industrials,Construction & Engineering,Capital Goods,201.8 M,2022,32.0%,19.0%,43.3%,43.3%,17.2%,17.2%,-15.8%,-15.8%,-25.3%,-25.3%,0.9%,0.9%,4.3%
1697,"Shandong International Trust Co., Ltd.",Financials,Capital Markets,Diversified Financials,231.5 M,2022,100.0%,100.0%,100.0%,100.0%,100.0%,100.0%,100.0%,100.0%,100.0%,100.0%,100.0%,100.0%,100.0%
3636,Poly Culture Group Corporation Limited,Communication Services,Entertainment,Media,121.4 M,2022,31.4%,35.6%,28.3%,33.2%,29.3%,35.0%,26.8%,41.2%,20.5%,43.4%,-7.6%,40.5%,20.6%
3903,"Hanhua Financial Holding Co., Ltd.",Financials,Diversified Financial Services,Diversified Financials,190.5 M,2022,85.4%,-59.5%,172.7%,172.7%,14.9%,14.9%,169.3%,169.3%,39.1%,39.1%,151.3%,151.3%,38.4%
9986,Dashan Education Holdings Limited,Consumer Discretionary,Diversified Consumer Services,Consumer Services,318 M,2022,23.3%,-4.0%,25.3%,25.3%,38.4%,38.4%,39.4%,39.4%,15.4%,15.4%,44.2%,44.2%,44.3%
672,Zhong An Group Limited,Real Estate,Real Estate Management & Development,Real Estate,167.3 M,2022,26.7%,17.8%,34.0%,34.0%,28.4%,28.4%,31.7%,31.7%,29.2%,29.2%,35.8%,35.8%,44.2%
1400,Moody Technology Holdings Limited,Consumer Discretionary,"Textiles, Apparel & Luxury Goods",Consumer Durables & Apparel,162.3 M,2022,-2.5%,7.6%,-33.7%,-33.7%,4.8%,4.8%,-77.7%,-77.7%,1.4%,1.4%,1.5%,1.5%,3.2%
1876,Budweiser Brewing Company APAC Limited,Consumer Staples,Beverages,"Food, Beverage & Tobacco",40.082 B,2022,50.0%,51.3%,50.5%,51.0%,51.9%,55.1%,55.1%,52.8%,49.2%,54.5%,55.8%,44.2%,49.4%
1597,China Nature Energy Technology Holdings Limited,Industrials,Electrical Equipment,Capital Goods,111.1 M,2022,11.9%,11.3%,12.2%,12.2%,18.8%,18.8%,20.5%,20.5%,23.8%,23.8%,-,-,-
1966,China SCE Group Holdings Limited,Real Estate,Real Estate Management & Development,Real Estate,425 M,2022,19.8%,22.2%,17.7%,17.7%,25.1%,25.1%,20.9%,20.9%,27.9%,27.9%,26.3%,26.3%,28.9%
1563,Alliance International Education Leasing Holdings Limited,Financials,Diversified Financial Services,Diversified Financials,1.053 B,2022,61.5%,46.1%,100.0%,100.0%,100.0%,100.0%,100.0%,100.0%,100.0%,100.0%,100.0%,100.0%,100.0%
1907,China Risun Group Limited,Materials,Chemicals,Materials,2.08 B,2022,12.6%,13.4%,11.2%,11.2%,17.3%,17.3%,17.7%,17.7%,14.2%,14.2%,13.4%,13.4%,14.0%
2558,"Jinshang Bank Co., Ltd.",Financials,Banks,Banks,914.9 M,2022,-,-,-,-,-,-,-,-,-,-,-,-,-
1316,Nexteer Automotive Group Limited,Consumer Discretionary,Auto Components,Automobiles & Components,1.576 B,2022,9.6%,10.6%,8.4%,8.4%,8.4%,8.4%,13.1%,13.1%,15.7%,15.7%,10.1%,10.1%,14.9%
2112,Grace Life-tech Holdings Limited,Industrials,Trading Companies & Distributors,Capital Goods,110.8 M,2022,6.5%,14.0%,0.7%,0.7%,-,-,-2.0%,-2.0%,-,-,0.7%,0.7%,1.2%
798,China Electronics Optics Valley Union Holding Company Limited,Real Estate,Real Estate Management & Development,Real Estate,330.9 M,2022,28.2%,27.0%,31.1%,31.1%,29.1%,29.1%,27.8%,27.8%,32.7%,32.7%,26.2%,26.2%,31.1%
6138,"Harbin Bank Co., Ltd.",Financials,Banks,Banks,378.2 M,2022,-,-,-,-,-,-,-,-,-,-,-,-,-
6836,Tianyun International Holdings Limited,Consumer Staples,Food Products,"Food, Beverage & Tobacco",187.6 M,2022,26.5%,26.5%,26.5%,26.5%,27.5%,27.5%,27.4%,27.4%,27.9%,27.9%,27.8%,27.8%,27.9%
3882,Sky Light Holdings Limited,Consumer Discretionary,Household Durables,Consumer Durables & Apparel,155.8 M,2022,16.2%,16.4%,16.1%,16.1%,18.2%,18.2%,10.3%,10.3%,20.4%,20.4%,9.7%,9.7%,13.2%
2329,Glory Health Industry Limited,Real Estate,Real Estate Management & Development,Real Estate,117.8 M,2022,0.4%,-6.0%,6.0%,6.0%,15.9%,15.9%,4.9%,4.9%,25.9%,25.9%,24.6%,24.6%,28.5%
2686,AAG Energy Holdings Limited,Energy,"Oil, Gas & Consumable Fuels",Energy,692.1 M,2022,85.1%,89.4%,81.0%,81.0%,82.6%,82.6%,85.7%,85.7%,79.4%,79.4%,84.2%,84.2%,81.9%
1970,"IMAX China Holding, Inc.",Communication Services,Entertainment,Media,354.1 M,2022,54.1%,51.9%,56.9%,56.9%,59.1%,59.1%,62.0%,62.0%,51.2%,51.2%,-60.7%,-60.7%,54.7%
2166,Smart-Core Holdings Limited,Information Technology,"Electronic Equipment, Instruments & Components",Technology Hardware & Equipment,127.2 M,2022,10.9%,9.6%,12.0%,12.0%,10.5%,10.5%,8.5%,8.5%,5.6%,5.6%,5.7%,5.7%,5.5%
1551,"Guangzhou Rural Commercial Bank Co., Ltd.",Financials,Banks,Banks,3.603 B,2022,-,-,-,-,-,-,-,-,-,-,-,-,-
1583,Qinqin Foodstuffs Group (Cayman) Company Limited,Consumer Staples,Food Products,"Food, Beverage & Tobacco",134.7 M,2022,25.8%,24.3%,27.0%,27.0%,23.8%,23.8%,25.7%,25.7%,27.9%,27.9%,34.6%,34.6%,38.5%
1523,Plover Bay Technologies Limited,Information Technology,Communications Equipment,Technology Hardware & Equipment,348.6 M,2022,53.6%,51.8%,55.7%,55.7%,56.8%,56.8%,60.0%,60.0%,58.0%,58.0%,58.7%,58.7%,61.6%
2278,Hailan Holdings Limited,Real Estate,Real Estate Management & Development,Real Estate,122.3 M,2022,29.5%,25.3%,38.9%,38.9%,60.8%,60.8%,74.2%,74.2%,34.6%,34.6%,30.2%,30.2%,53.1%
1199,COSCO SHIPPING Ports Limited,Industrials,Transportation Infrastructure,Transportation,2.441 B,2022,28.5%,31.2%,24.5%,28.7%,26.2%,28.8%,23.4%,22.7%,26.1%,23.1%,20.7%,20.7%,26.1%
450,Hung Hing Printing Group Limited,Materials,Containers & Packaging,Materials,126.1 M,2022,14.2%,17.3%,11.5%,11.5%,13.1%,13.1%,14.1%,14.1%,17.3%,17.3%,15.7%,15.7%,19.1%
228,China Energy Development Holdings Limited,Energy,"Oil, Gas & Consumable Fuels",Energy,124.7 M,2022,84.8%,85.8%,84.1%,84.1%,82.8%,82.8%,89.3%,89.3%,79.9%,79.9%,65.2%,65.2%,80.8%
251,S E A Holdings Limited,Real Estate,Real Estate Management & Development,Real Estate,145.7 M,2022,99.0%,98.9%,99.1%,99.1%,99.0%,99.0%,99.1%,99.1%,99.2%,99.2%,99.3%,99.3%,99.7%
226,Lippo Limited,Consumer Staples,Food & Staples Retailing,Food & Staples Retailing,141.4 M,2022,54.3%,54.6%,54.0%,54.0%,56.8%,56.8%,-,-,118.9%,118.9%,43.6%,43.6%,43.7%
775,"CK Life Sciences Int'l., (Holdings) Inc.",Healthcare,Biotechnology,"Pharmaceuticals, Biotechnology & Life Sciences",930.5 M,2022,30.8%,30.9%,30.8%,30.8%,29.2%,29.2%,31.2%,31.2%,25.3%,25.3%,31.9%,31.9%,31.4%
622,Oshidori International Holdings Limited,Financials,Consumer Finance,Diversified Financials,214 M,2022,100.0%,100.0%,100.0%,100.0%,100.0%,100.0%,100.0%,100.0%,100.0%,100.0%,100.0%,100.0%,100.0%
255,Lung Kee (Bermuda) Holdings Limited,Industrials,Machinery,Capital Goods,200.4 M,2022,60.4%,-,58.0%,58.0%,58.8%,58.8%,61.6%,61.6%,61.2%,61.2%,60.4%,60.4%,60.0%
1358,PW Medtech Group Limited,Healthcare,Healthcare Equipment & Supplies,Healthcare Equipment & Services,111.7 M,2022,58.1%,56.5%,60.6%,60.6%,61.8%,61.8%,61.1%,61.1%,58.6%,58.6%,60.9%,60.9%,61.9%
1199,COSCO SHIPPING Ports Limited,Industrials,Transportation Infrastructure,Transportation,2.441 B,2022,28.5%,31.2%,24.5%,28.7%,26.2%,28.8%,23.4%,22.7%,26.1%,23.1%,20.7%,20.7%,26.1%
635,Playmates Holdings Limited,Consumer Discretionary,Leisure Products,Consumer Durables & Apparel,166.2 M,2022,60.9%,59.1%,62.4%,62.4%,57.7%,57.7%,66.0%,66.0%,66.0%,66.0%,74.0%,74.0%,67.3%
3330,Lingbao Gold Group Company Ltd.,Materials,Metals & Mining,Materials,135.4 M,2022,7.8%,6.0%,10.6%,10.6%,11.6%,11.6%,10.2%,10.2%,13.9%,13.9%,9.1%,9.1%,6.9%
2231,JY Grandmark Holdings Limited,Real Estate,Real Estate Management & Development,Real Estate,251.7 M,2022,-3.4%,-69.9%,17.1%,17.1%,39.5%,39.5%,35.7%,35.7%,43.7%,43.7%,45.6%,45.6%,52.0%
6199,"Bank of Guizhou Co., Ltd.",Financials,Banks,Banks,3.327 B,2022,-,-,-,-,-,-,-,-,-,-,-,-,-
9936,Ximei Resources Holding Limited,Materials,Metals & Mining,Materials,176.6 M,2022,32.8%,34.8%,30.5%,30.5%,24.2%,24.2%,25.7%,25.7%,29.9%,29.9%,25.4%,25.4%,27.6%
3390,Tycoon Group Holdings Limited,Healthcare,Healthcare Providers & Services,Healthcare Equipment & Services,547.3 M,2022,20.0%,21.8%,15.8%,15.8%,15.9%,15.9%,5.3%,5.3%,19.7%,19.7%,26.6%,26.6%,27.8%
1961,Infinities Technology International (Cayman) Holding Limited,Communication Services,Entertainment,Media,124.5 M,2022,5.5%,2.0%,7.2%,7.2%,26.7%,26.7%,35.1%,35.1%,31.0%,31.0%,34.2%,-,36.3%
1597,China Nature Energy Technology Holdings Limited,Industrials,Electrical Equipment,Capital Goods,111.1 M,2022,11.9%,11.3%,12.2%,12.2%,18.8%,18.8%,20.5%,20.5%,23.8%,23.8%,-,-,-
9677,"Weihai City Commercial Bank Co., Ltd.",Financials,Banks,Banks,2.346 B,2022,-,-,-,-,-,-,-,-,-,-,-,-,-
2169,Canggang Railway Limited,Industrials,Road & Rail,Transportation,328.7 M,2022,45.7%,45.6%,45.8%,45.8%,46.9%,46.9%,50.7%,50.7%,51.4%,51.4%,52.3%,52.3%,-
1084,Green Future Food Hydrocolloid Marine Science Company Limited,Materials,Chemicals,Materials,134.6 M,2022,27.6%,30.3%,24.5%,24.5%,21.6%,21.6%,21.1%,21.1%,22.5%,22.5%,24.5%,24.5%,26.5%
1967,Confidence Intelligence Holdings Limited,Information Technology,"Electronic Equipment, Instruments & Components",Technology Hardware & Equipment,738.9 M,2022,13.3%,11.0%,14.9%,14.9%,15.5%,15.5%,20.8%,20.8%,20.0%,20.0%,31.7%,31.7%,34.7%
1853,Jilin Province Chuncheng Heating Company Limited,Utilities,Water Utilities,Utilities,115.9 M,2022,17.4%,17.6%,16.5%,16.5%,26.5%,26.5%,13.4%,13.4%,27.4%,27.4%,15.3%,15.3%,-4.8%
1876,Budweiser Brewing Company APAC Limited,Consumer Staples,Beverages,"Food, Beverage & Tobacco",40.082 B,2022,50.0%,51.3%,50.5%,51.0%,51.9%,55.1%,55.1%,52.8%,49.2%,54.5%,55.8%,44.2%,49.4%
3886,Town Health International Medical Group Limited,Healthcare,Healthcare Providers & Services,Healthcare Equipment & Services,280.4 M,2022,28.4%,26.5%,30.2%,30.2%,33.4%,33.4%,26.0%,26.0%,27.6%,27.6%,31.1%,31.1%,35.4%
6913,South China Vocational Education Group Company Limited,Consumer Discretionary,Diversified Consumer Services,Consumer Services,244.7 M,2022,38.3%,46.4%,28.2%,28.2%,49.4%,49.4%,39.8%,39.8%,52.6%,52.6%,-,-,-
2215,Dexin Services Group Limited,Real Estate,Real Estate Management & Development,Real Estate,333.9 M,2022,32.0%,31.8%,32.3%,32.3%,36.3%,36.3%,35.4%,35.4%,31.9%,31.9%,-,-,-
2207,"Ronshine Service Holding Co., Ltd",Real Estate,Real Estate Management & Development,Real Estate,271.9 M,2022,24.2%,21.1%,26.4%,26.4%,29.4%,29.4%,28.0%,28.0%,30.0%,30.0%,-,-,-
2187,Zhixin Group Holding Limited,Materials,Construction Materials,Materials,414.5 M,2022,11.5%,11.8%,11.3%,11.3%,16.9%,16.9%,21.6%,21.6%,15.7%,15.7%,-,-,-
2142,HBM Holdings Limited,Healthcare,Biotechnology,"Pharmaceuticals, Biotechnology & Life Sciences",208.2 M,2022,99.3%,99.8%,93.5%,93.5%,100.0%,100.0%,98.0%,98.0%,95.3%,95.3%,93.2%,93.2%,47.7%
2148,"Vesync Co., Ltd",Consumer Discretionary,Household Durables,Consumer Durables & Apparel,505.2 M,2022,36.6%,39.2%,34.3%,34.3%,44.4%,44.4%,41.3%,41.3%,47.8%,47.8%,36.9%,36.9%,42.0%
1795,Yadong Group Holdings Limited,Consumer Discretionary,"Textiles, Apparel & Luxury Goods",Consumer Durables & Apparel,203.3 M,2022,13.4%,13.8%,12.8%,12.8%,15.5%,15.5%,16.9%,16.9%,15.9%,15.9%,-,-,-
846,Mingfa Group (International) Company Limited,Real Estate,Real Estate Management & Development,Real Estate,291.1 M,2022,25.3%,24.0%,26.5%,26.5%,33.4%,33.4%,29.5%,29.5%,30.7%,30.7%,33.7%,33.7%,30.8%
9600,Newlink Technology Inc.,Information Technology,IT Services,Software & Services,198.4 M,2022,30.5%,28.6%,32.0%,32.0%,45.0%,45.0%,57.8%,57.8%,41.8%,41.8%,56.0%,56.0%,37.7%
1855,ZONBONG LANDSCAPE Environmental Limited,Industrials,Commercial Services & Supplies,Commercial & Professional Services,316 M,2022,19.5%,16.6%,20.7%,20.7%,22.4%,22.4%,23.5%,23.5%,24.5%,24.5%,26.7%,26.7%,24.5%
6968,Ganglong China Property Group Limited,Real Estate,Real Estate Management & Development,Real Estate,107.4 M,2022,21.9%,20.8%,22.9%,22.9%,23.4%,23.4%,35.0%,35.0%,38.3%,38.3%,42.6%,42.6%,42.9%
6928,TOMO Holdings Limited,Consumer Discretionary,Auto Components,Automobiles & Components,165.7 M,2022,8.3%,9.9%,7.0%,7.0%,29.3%,29.3%,34.6%,34.6%,23.8%,23.8%,43.4%,32.6%,41.5%
672,Zhong An Group Limited,Real Estate,Real Estate Management & Development,Real Estate,167.3 M,2022,26.7%,17.8%,34.0%,34.0%,28.4%,28.4%,31.7%,31.7%,29.2%,29.2%,35.8%,35.8%,44.2%
6908,HG Semiconductor Limited,Information Technology,Semiconductors & Semiconductor Equipment,Semiconductors & Semiconductor Equipment,131.1 M,2022,19.2%,18.6%,19.8%,19.8%,20.5%,20.5%,20.9%,20.9%,22.9%,22.9%,26.5%,24.4%,24.1%
1691,JS Global Lifestyle Company Limited,Consumer Discretionary,Household Durables,Consumer Durables & Apparel,3.46 B,2022,36.5%,38.6%,34.9%,34.9%,40.6%,40.6%,40.3%,40.3%,41.2%,41.2%,38.9%,38.9%,38.1%
1692,Town Ray Holdings Limited,Consumer Discretionary,Household Durables,Consumer Durables & Apparel,146.3 M,2022,31.9%,34.7%,29.1%,29.1%,28.6%,28.6%,29.5%,29.5%,34.4%,34.4%,33.4%,33.4%,36.4%
3991,Changhong Jiahua Holdings Limited,Information Technology,"Electronic Equipment, Instruments & Components",Technology Hardware & Equipment,193.2 M,2022,3.2%,3.1%,3.3%,3.3%,2.6%,2.6%,2.7%,2.7%,2.7%,2.7%,2.6%,3.8%,3.3%
1463,C-Link Squared Limited,Industrials,Professional Services,Commercial & Professional Services,431.1 M,2022,21.5%,17.9%,24.8%,24.8%,22.3%,22.3%,24.8%,24.8%,25.3%,25.3%,43.9%,-,40.8%
9908,"JiaXing Gas Group Co., Ltd.",Utilities,Gas Utilities,Utilities,174.5 M,2022,8.6%,7.2%,10.3%,10.3%,14.0%,14.0%,18.8%,18.8%,15.9%,15.9%,14.0%,14.0%,15.7%
9986,Dashan Education Holdings Limited,Consumer Discretionary,Diversified Consumer Services,Consumer Services,318 M,2022,23.3%,-4.0%,25.3%,25.3%,38.4%,38.4%,39.4%,39.4%,15.4%,15.4%,44.2%,44.2%,44.3%
2096,Simcere Pharmaceutical Group Limited,Healthcare,Pharmaceuticals,"Pharmaceuticals, Biotechnology & Life Sciences",2.942 B,2022,78.8%,79.4%,78.4%,78.4%,78.4%,78.4%,80.2%,80.2%,79.8%,79.8%,81.5%,81.5%,83.3%
1332,Touyun Biotech Group Limited,Materials,Containers & Packaging,Materials,246.6 M,2022,36.3%,35.2%,37.5%,37.5%,38.0%,38.0%,46.6%,46.6%,33.7%,33.7%,34.3%,34.3%,38.7%
1400,Moody Technology Holdings Limited,Consumer Discretionary,"Textiles, Apparel & Luxury Goods",Consumer Durables & Apparel,162.3 M,2022,-2.5%,7.6%,-33.7%,-33.7%,4.8%,4.8%,-77.7%,-77.7%,1.4%,1.4%,1.5%,1.5%,3.2%
1745,Lvji Technology Holdings Inc.,Information Technology,Software,Software & Services,127.2 M,2022,39.7%,40.0%,39.3%,39.3%,32.9%,32.9%,27.9%,27.9%,33.1%,33.1%,4.6%,4.6%,43.5%
1442,Infinity Logistics and Transport Ventures Limited,Industrials,Air Freight & Logistics,Transportation,297.1 M,2022,25.8%,25.2%,26.7%,26.7%,24.0%,24.0%,23.5%,23.5%,23.9%,23.9%,27.3%,27.3%,23.9%
9906,Honliv Healthcare Management Group Company Limited,Healthcare,Healthcare Providers & Services,Healthcare Equipment & Services,183.4 M,2022,22.4%,23.5%,21.1%,21.1%,23.6%,23.6%,27.1%,27.1%,25.2%,25.2%,30.8%,30.8%,33.2%
1821,ESR Group Limited,Real Estate,Real Estate Management & Development,Real Estate,7.664 B,2022,97.2%,95.8%,98.4%,98.4%,92.0%,92.0%,89.1%,89.1%,83.0%,83.0%,74.9%,74.9%,85.8%
1921,Dalipal Holdings Limited,Energy,Energy Equipment & Services,Energy,421.9 M,2022,14.5%,17.6%,10.8%,10.8%,12.1%,12.1%,10.2%,10.2%,4.4%,4.4%,11.1%,11.1%,19.4%
1440,Deyun Holding Ltd.,Consumer Discretionary,"Textiles, Apparel & Luxury Goods",Consumer Durables & Apparel,215.1 M,2022,10.1%,5.4%,14.7%,14.7%,32.6%,32.6%,40.7%,40.7%,33.4%,33.4%,31.9%,31.9%,35.4%
2146,"Roiserv Lifestyle Services Co., Ltd.",Real Estate,Real Estate Management & Development,Real Estate,100.6 M,2022,32.1%,30.1%,33.9%,33.9%,34.9%,34.9%,30.0%,30.0%,28.6%,28.6%,15.9%,15.9%,21.3%
2276,"Shanghai Conant Optical Co., Ltd.",Healthcare,Healthcare Equipment & Supplies,Healthcare Equipment & Services,256.5 M,2022,34.4%,35.4%,33.5%,33.5%,33.9%,33.9%,34.0%,34.0%,-,-,-,-,-
2216,Broncus Holding Corporation,Healthcare,Healthcare Equipment & Supplies,Healthcare Equipment & Services,104.7 M,2022,80.0%,76.5%,81.4%,81.4%,77.2%,77.2%,80.4%,80.4%,66.6%,66.6%,-,-,-
2257,Sirnaomics Ltd.,Healthcare,Biotechnology,"Pharmaceuticals, Biotechnology & Life Sciences",627.2 M,2022,-,-,100.0%,-,-,-,100.0%,-,-,-,-,-,-
2285,Chervon Holdings Limited,Consumer Discretionary,Household Durables,Consumer Durables & Apparel,2.243 B,2022,28.2%,28.9%,27.4%,27.4%,28.9%,28.9%,32.2%,32.2%,28.7%,28.7%,-,-,-
2459,Sanergy Group Limited,Industrials,Electrical Equipment,Capital Goods,222.9 M,2022,24.6%,26.1%,23.3%,23.3%,17.3%,17.3%,-,-,-,-,-,-,-
1370_OLD,Aowei Holding Limited,Materials,Metals & Mining,Materials,160.4 M,2022,27.2%,26.0%,28.2%,28.2%,41.6%,41.6%,24.9%,24.9%,4.1%,4.1%,27.8%,27.8%,37.9%
1370,Aowei Holding Limited,Materials,Metals & Mining,Materials,160.4 M,2022,27.2%,26.0%,28.2%,28.2%,41.6%,41.6%,24.9%,24.9%,4.1%,4.1%,27.8%,27.8%,37.9%
2237,China Graphite Group Limited,Materials,Metals & Mining,Materials,262.9 M,2022,49.7%,52.6%,44.1%,44.1%,49.7%,49.7%,43.0%,43.0%,-,-,-,-,-
2425,AustAsia Group Ltd.,Consumer Staples,Food Products,"Food, Beverage & Tobacco",312.3 M,2022,19.1%,37.3%,0.4%,0.4%,55.3%,55.3%,0.4%,0.4%,-,-,-,-,-
2482,"Logory Logistics Technology Co., Ltd.",Industrials,Road & Rail,Transportation,493.6 M,2022,5.8%,-,-,6.5%,-,-,-,-,-,-,-,-,-
6610,Flowing Cloud Technology Ltd,Communication Services,Media,Media,650.2 M,2022,35.1%,-,-,32.0%,-,-,-,26.9%,-,-,-,-,-
2306,YH Entertainment Group,Communication Services,Entertainment,Media,513.1 M,2022,41.3%,-,-,-,50.8%,-,-,-,-,-,-,-,-
680,Nan Hai Corporation Limited,Communication Services,Entertainment,Media,306.1 M,-,-,-,-,-,-,-,53.0%,53.0%,45.1%,45.1%,50.7%,50.7%,55.9%
2341,EcoGreen International Group Limited,Materials,Chemicals,Materials,187.6 M,-,-,-,-,-,22.0%,22.0%,22.2%,22.2%,20.6%,20.6%,25.2%,25.2%,18.6%
1885,China Wood Optimization (Holding) Limited,Materials,Paper & Forest Products,Materials,114.7 M,-,-,-,-,-,-,-,-,-,-980.9%,-980.9%,57.8%,57.8%,65.2%
2183,Sansheng Holdings (Group) Co. Ltd.,Real Estate,Real Estate Management & Development,Real Estate,248.7 M,-,-,-,-,-,22.4%,22.4%,21.7%,21.7%,26.0%,26.0%,40.0%,40.0%,36.8%
678,Genting Hong Kong Limited,Consumer Discretionary,"Hotels, Restaurants & Leisure",Consumer Services,448.5 M,-,-,-,-,-,-,-,-54.2%,-54.2%,-52.5%,-52.5%,-64.1%,-64.1%,24.1%
1777,"Fantasia Holdings Group Co., Limited",Real Estate,Real Estate Management & Development,Real Estate,147.1 M,-,-,-,-,-,-,-,20.8%,20.8%,17.9%,17.9%,33.6%,33.6%,26.7%
2118,Tian Shan Development (Holding) Limited,Real Estate,Real Estate Management & Development,Real Estate,252.4 M,-,-,-,-,-,-,-,30.1%,30.1%,14.4%,14.4%,22.7%,22.7%,18.4%
30,Ban Loong Holdings Limited,Consumer Staples,Food & Staples Retailing,Food & Staples Retailing,215.7 M,-,-,-,8.5%,8.5%,5.9%,5.9%,8.1%,8.1%,11.9%,11.9%,7.5%,7.5%,8.2%
1909,Fire Rock Holdings Limited,Communication Services,Entertainment,Media,273.9 M,-,-,-,-,-,-,-,80.2%,80.2%,90.2%,90.2%,93.8%,93.8%,93.4%
530,Goldin Financial Holdings Limited,Consumer Staples,Beverages,"Food, Beverage & Tobacco",131.8 M,-,-,-,-,-,92.7%,92.7%,89.4%,89.4%,"-1,068.6%","-1,068.6%",66.2%,66.2%,76.8%
2608,Sunshine 100 China Holdings Ltd,Real Estate,Real Estate Management & Development,Real Estate,120.2 M,-,-,-,-,-,-,-,18.3%,18.3%,16.2%,16.2%,32.8%,32.8%,27.5%
708,China Evergrande New Energy Vehicle Group Limited,Healthcare,Healthcare Providers & Services,Healthcare Equipment & Services,4.421 B,-,-,-,-,-,-,-,3.6%,3.6%,13.1%,13.1%,28.0%,28.0%,42.7%
2296,Huarchi Global Group Holdings Limited,Industrials,Construction & Engineering,Capital Goods,270.1 M,-,-,-,-,-,-,-,20.3%,20.3%,7.9%,7.9%,22.1%,22.1%,18.8%
2175,China General Education Group Limited,Consumer Discretionary,Diversified Consumer Services,Consumer Services,200.3 M,-,-,-,51.4%,51.4%,-,-,63.3%,63.3%,-,-,-,-,-
9636,JF Wealth Holdings Ltd,Consumer Discretionary,Diversified Consumer Services,Consumer Services,980.2 M,-,-,-,-,-,-,-,-,-,-,-,-,-,-
2421,KRP Development Holdings Limited,Real Estate,Real Estate Management & Development,Real Estate,102.4 M,-,-,-,-,-,-,-,-,-,-,-,-,-,-
7855,TechStar Acquisition Corporation,Financials,Capital Markets,Diversified Financials,159.2 M,-,-,-,-,-,-,-,-,-,-,-,-,-,-
6922,"Cryofocus Medtech (Shanghai) Co., Ltd.",Healthcare,Healthcare Equipment & Supplies,Healthcare Equipment & Services,561.1 M,-,-,-,-,-,-,-,-,-,-,-,-,-,-
9658,Super Hi International Holding Ltd.,Consumer Discretionary,"Hotels, Restaurants & Leisure",Consumer Services,1.537 B,-,-,-,-,-,-,-,-,-,-,-,-,-,-
7827,Vision Deal HK Acquisition Corp.,Financials,Capital Markets,Diversified Financials,157.8 M,-,-,-,-,-,-,-,-,-,-,-,-,-,-
2297,Rainmed Medical Limited,Healthcare,Healthcare Equipment & Supplies,Healthcare Equipment & Services,169.6 M,-,-,-,86.4%,86.4%,-,-,87.0%,87.0%,-,-,-,-,-
1244,3D Medicines Inc.,Healthcare,Biotechnology,"Pharmaceuticals, Biotechnology & Life Sciences",2.251 B,-,-,-,-,-,-,-,-,-,-,-,-,-,-
