Ticker,Name,Sector,Industry,Industry Group,Market Cap,Last Reported Fiscal Year,ROE,ROE FQ-1,ROE FQ-2,ROE FQ-3,ROE FQ-4,ROE FQ-5,ROE FQ-6,ROE FQ-7,ROE FQ-8,ROE FQ-9,ROE FQ-10,ROE FQ-11,ROE FQ-12
1989,Pine Care Group Limited,Healthcare,Healthcare Providers & Services,Healthcare Equipment & Services,103.5 M,2023,-19.0%,-15.0%,-10.8%,-6.6%,-2.2%,0.3%,2.9%,5.8%,8.5%,7.6%,6.8%,6.8%,6.7%
199,ITC Properties Group Limited,Real Estate,Real Estate Management & Development,Real Estate,122.1 M,2023,3.4%,8.9%,15.1%,10.2%,5.1%,-5.9%,-17.5%,-18.7%,-17.9%,-20.5%,-20.7%,-17.5%,-13.1%
163,Emperor International Holdings Limited,Real Estate,Real Estate Management & Development,Real Estate,313.9 M,2023,-6.4%,-4.1%,-1.7%,0.0%,1.7%,-0.6%,-2.8%,-9.0%,-14.4%,-13.6%,-12.3%,-6.0%,0.4%
2322,Hong Kong ChaoShang Group Limited,Industrials,Trading Companies & Distributors,Capital Goods,383.2 M,2023,-2.8%,-2.9%,-2.9%,-2.8%,-2.8%,-2.7%,-2.5%,-2.5%,-2.9%,-2.7%,-2.5%,0.0%,-4.6%
277,Tern Properties Company Limited,Real Estate,Real Estate Management & Development,Real Estate,135.2 M,2023,-2.7%,-2.3%,-2.0%,-2.2%,-2.5%,-3.5%,-4.6%,-7.9%,-10.5%,-13.7%,-15.8%,-11.7%,-7.3%
1271,Grand Ming Group Holdings Limited,Industrials,Construction & Engineering,Capital Goods,1.082 B,2023,50.4%,25.5%,0.8%,3.6%,6.3%,6.4%,6.1%,4.3%,2.3%,1.8%,1.3%,3.4%,5.1%
2033,Time Watch Investments Limited,Consumer Discretionary,"Textiles, Apparel & Luxury Goods",Consumer Durables & Apparel,108.8 M,2023,-2.1%,-0.4%,1.3%,3.4%,5.6%,7.9%,10.9%,9.1%,7.5%,6.8%,6.4%,10.6%,15.2%
985,CST Group Limited,Financials,Capital Markets,Diversified Financials,107.8 M,2023,-27.2%,-100.6%,-86.8%,-63.6%,-53.0%,21.1%,66.6%,25.6%,-15.9%,-34.5%,-55.8%,-39.3%,-15.1%
367,Chuang's Consortium International Limited,Real Estate,Real Estate Management & Development,Real Estate,138.5 M,2023,-14.9%,-11.4%,-7.6%,0.0%,3.5%,2.3%,1.1%,-2.9%,-5.9%,-6.0%,-6.1%,0.2%,6.4%
18,Oriental Enterprise Holdings Limited,Communication Services,Media,Media,183.3 M,2023,10.2%,9.8%,8.8%,9.6%,10.6%,11.1%,11.5%,6.8%,2.2%,0.8%,-0.6%,2.1%,4.8%
179,Johnson Electric Holdings Limited,Consumer Discretionary,Auto Components,Automobiles & Components,1.056 B,2023,4.7%,5.6%,6.3%,7.6%,9.5%,9.7%,10.5%,-8.5%,-24.5%,-23.2%,-22.9%,-4.4%,12.6%
191,Lai Sun Garment (International) Limited,Real Estate,Real Estate Management & Development,Real Estate,172.2 M,2023,-5.8%,-7.3%,-5.8%,-4.9%,-3.8%,-4.9%,-5.8%,-7.5%,-9.2%,-9.1%,-8.8%,-6.4%,-3.9%
374,Four Seas Mercantile Holdings Limited,Consumer Staples,Food Products,"Food, Beverage & Tobacco",130.2 M,2023,4.2%,2.6%,0.9%,1.0%,1.1%,1.7%,2.2%,0.8%,-0.6%,-1.1%,-1.4%,0.2%,1.9%
25,Chevalier International Holdings Limited,Industrials,Industrial Conglomerates,Capital Goods,271.2 M,2023,5.2%,5.8%,6.3%,5.8%,5.6%,6.1%,6.7%,5.5%,4.4%,5.1%,5.9%,7.8%,9.9%
159,Brockman Mining Limited,Materials,Metals & Mining,Materials,189.2 M,2023,-4.5%,-4.1%,-3.4%,-4.5%,-5.4%,-3.8%,-2.3%,-1.9%,-1.5%,-2.4%,-3.4%,3.7%,11.4%
650,Productive Technologies Company Limited,Energy,"Oil, Gas & Consumable Fuels",Energy,900.4 M,2023,-9.5%,-13.6%,-16.8%,-18.9%,-19.6%,-15.0%,-10.1%,-9.4%,-7.9%,-8.1%,-8.2%,-4.7%,-1.2%
64,Get Nice Holdings Limited,Financials,Capital Markets,Diversified Financials,184.6 M,2023,-0.3%,0.4%,1.1%,2.4%,3.8%,3.5%,3.4%,2.7%,1.9%,2.0%,2.2%,2.7%,3.2%
931,China LNG Group Limited,Energy,"Oil, Gas & Consumable Fuels",Energy,269.6 M,2023,-354.0%,-372.9%,-127.5%,-108.1%,-253.5%,-202.2%,-71.2%,-131.9%,-100.3%,-107.0%,-176.2%,0.0%,0.0%
53,Guoco Group Limited,Industrials,Industrial Conglomerates,Capital Goods,2.85 B,2023,4.5%,3.9%,3.3%,3.5%,3.6%,3.9%,4.3%,1.4%,-1.6%,-1.5%,-1.5%,2.9%,7.2%
1221,Sino Hotels (Holdings) Limited,Consumer Discretionary,"Hotels, Restaurants & Leisure",Consumer Services,327.5 M,2023,-2.1%,-2.1%,-2.2%,-2.3%,-2.5%,-2.4%,-2.2%,-2.6%,-2.9%,-2.3%,-1.7%,0.3%,2.3%
2368,Eagle Nice (International) Holdings Limited,Consumer Discretionary,"Textiles, Apparel & Luxury Goods",Consumer Durables & Apparel,295.1 M,2023,20.7%,18.6%,17.2%,16.5%,15.8%,17.8%,22.3%,21.6%,20.5%,18.0%,17.2%,16.2%,15.4%
8365,Hatcher Group Limited,Financials,Capital Markets,Diversified Financials,140.2 M,2023,-42.3%,-6.1%,-0.8%,-12.9%,-33.9%,-32.4%,NA,-56.2%,-39.2%,-50.2%,NA,-20.0%,-26.7%
202,EverChina Int'l Holdings Company Limited,Real Estate,Real Estate Management & Development,Real Estate,161.7 M,2023,-15.0%,-14.0%,-12.3%,-8.7%,-5.1%,-6.0%,-6.9%,-11.5%,-15.5%,-20.6%,-23.5%,-20.0%,-16.1%
147,International Business Settlement Holdings Limited,Real Estate,Real Estate Management & Development,Real Estate,181.2 M,2023,-17.4%,-17.1%,-16.5%,-14.3%,-10.7%,-13.4%,-15.8%,-18.9%,-19.4%,-18.8%,-17.5%,-22.0%,-22.4%
1050,Karrie International Holdings Limited,Information Technology,"Electronic Equipment, Instruments & Components",Technology Hardware & Equipment,242 M,2023,34.0%,33.9%,32.4%,32.5%,38.7%,35.1%,31.0%,25.5%,24.1%,22.6%,21.4%,21.3%,22.7%
474,Aceso Life Science Group Limited,Financials,Consumer Finance,Diversified Financials,167.4 M,2023,-17.5%,-18.4%,-16.9%,-9.0%,-1.2%,-9.3%,-15.4%,-21.5%,-27.4%,-19.5%,-11.1%,-6.3%,-1.5%
26,"China Motor Bus Company, Limited",Real Estate,Real Estate Management & Development,Real Estate,441.5 M,2023,-1.1%,-0.1%,0.9%,0.9%,0.9%,0.3%,-0.2%,-0.9%,-1.5%,-0.1%,1.2%,6.9%,12.5%
1709,DL Holdings Group Limited,Financials,Capital Markets,Diversified Financials,495.2 M,2023,5.9%,14.5%,21.4%,28.8%,45.7%,47.6%,60.3%,39.5%,27.2%,2.4%,-30.6%,-22.9%,-18.5%
1428,Bright Smart Securities & Commodities Group Limited,Financials,Capital Markets,Diversified Financials,296.2 M,2023,21.0%,22.4%,24.4%,26.4%,32.8%,34.1%,34.9%,32.5%,25.4%,22.5%,19.5%,18.3%,14.4%
900,AEON Credit Service (Asia) Company Limited,Financials,Consumer Finance,Diversified Financials,270.5 M,2023,9.7%,9.6%,9.0%,9.7%,9.1%,9.3%,9.4%,9.0%,9.7%,9.9%,10.1%,11.4%,12.1%
335,Upbest Group Limited,Financials,Consumer Finance,Diversified Financials,205 M,2023,2.9%,3.1%,3.2%,2.6%,2.0%,1.9%,1.7%,1.7%,1.7%,1.7%,1.8%,5.3%,9.1%
989,Hua Yin International Holdings Limited,Real Estate,Real Estate Management & Development,Real Estate,385.4 M,2023,154.9%,64.6%,NM,NM,NM,NM,NM,NM,-498.5%,-456.9%,-238.6%,0.0%,-38.8%
105,Associated International Hotels Limited,Real Estate,Real Estate Management & Development,Real Estate,429.7 M,2023,-19.3%,-15.8%,-11.3%,-12.6%,-12.8%,-13.5%,-13.3%,-11.8%,-9.6%,-8.5%,-7.1%,-5.1%,-3.1%
247,Tsim Sha Tsui Properties Limited,Real Estate,Real Estate Management & Development,Real Estate,5.729 B,2023,2.5%,3.0%,3.6%,5.8%,8.3%,7.3%,6.5%,3.3%,0.1%,0.6%,1.2%,2.8%,4.6%
113,Dickson Concepts (International) Limited,Consumer Discretionary,Specialty Retail,Retailing,201.9 M,2023,6.7%,6.4%,6.1%,10.2%,14.9%,14.9%,14.9%,18.1%,24.4%,24.1%,23.6%,19.1%,16.5%
1104,APAC Resources Limited,Industrials,Trading Companies & Distributors,Capital Goods,177.5 M,2023,-5.7%,-8.6%,-10.5%,-6.3%,-2.1%,14.0%,32.9%,24.9%,16.3%,3.2%,-11.5%,5.5%,25.0%
677,Golden Resources Development International Limited,Consumer Staples,Food & Staples Retailing,Food & Staples Retailing,278.9 M,2023,9.2%,5.4%,1.6%,0.6%,-0.4%,1.6%,3.4%,1.0%,-1.4%,-1.6%,-1.9%,0.7%,3.1%
266,Tian Teck Land Limited,Real Estate,Real Estate Management & Development,Real Estate,238.9 M,2023,-17.6%,-14.4%,-10.3%,-11.8%,-12.2%,-12.8%,-12.7%,-11.2%,-9.0%,-8.0%,-6.7%,-4.9%,-3.0%
1373,International Housewares Retail Company Limited,Consumer Discretionary,Specialty Retail,Retailing,258.6 M,2023,26.4%,25.6%,24.9%,22.6%,20.8%,25.1%,30.9%,31.9%,34.7%,27.0%,19.9%,17.8%,16.6%
391,Mei Ah Entertainment Group Limited,Communication Services,Entertainment,Media,200 M,2023,-17.0%,-13.9%,-10.7%,-10.8%,-10.2%,-12.6%,-14.3%,-17.9%,-19.3%,-20.4%,-20.0%,-19.3%,-16.7%
711,Asia Allied Infrastructure Holdings Limited,Industrials,Construction & Engineering,Capital Goods,118.2 M,2023,4.5%,4.8%,5.2%,-1.3%,-7.6%,-7.6%,-7.8%,-2.2%,3.2%,3.7%,4.1%,4.7%,5.3%
992,Lenovo Group Limited,Information Technology,"Technology Hardware, Storage & Peripherals",Technology Hardware & Equipment,13.581 B,2023,44.9%,53.6%,52.5%,56.1%,53.7%,53.1%,47.4%,43.5%,33.2%,31.4%,27.0%,26.3%,28.9%
57,Chen Hsong Holdings Limited,Industrials,Machinery,Capital Goods,147 M,2023,5.5%,6.3%,6.9%,7.5%,8.6%,7.7%,7.2%,5.9%,4.9%,4.2%,3.5%,3.7%,3.9%
160,"Hon Kwok Land Investment Company, Limited",Real Estate,Real Estate Management & Development,Real Estate,194.6 M,2023,0.7%,0.7%,0.8%,1.0%,1.3%,1.2%,1.0%,-0.2%,-1.5%,-0.9%,-0.3%,3.3%,7.2%
259,Yeebo (International Holdings) Limited,Information Technology,"Electronic Equipment, Instruments & Components",Technology Hardware & Equipment,362.6 M,2023,19.2%,15.4%,11.8%,10.9%,11.0%,10.1%,9.6%,8.4%,7.7%,7.3%,6.6%,10.4%,15.4%
186,Nimble Holdings Company Limited,Consumer Discretionary,Distributors,Retailing,188.9 M,2023,-23.6%,-27.6%,-27.3%,0.0%,-20.3%,-16.9%,-12.3%,0.0%,-13.7%,-12.3%,-10.5%,-3.7%,9.8%
896,Hanison Construction Holdings Limited,Industrials,Construction & Engineering,Capital Goods,158.4 M,2023,-0.4%,1.7%,3.7%,5.0%,6.5%,6.6%,6.8%,5.7%,4.7%,5.2%,5.7%,8.0%,10.1%
938,Man Sang International Limited,Real Estate,Real Estate Management & Development,Real Estate,137.7 M,2023,"-1,483.6%","-1,606.9%",-196.8%,-252.7%,-236.9%,-224.6%,-178.9%,-132.1%,-48.3%,-43.9%,-36.5%,-29.0%,-21.7%
29,Dynamic Holdings Limited,Real Estate,Real Estate Management & Development,Real Estate,301.9 M,2023,-0.7%,0.4%,1.4%,2.3%,3.1%,1.2%,-0.7%,-2.0%,-3.3%,-2.3%,-1.4%,-0.4%,0.6%
411,Lam Soon (Hong Kong) Limited,Consumer Staples,Food Products,"Food, Beverage & Tobacco",294.5 M,2023,4.3%,6.6%,8.8%,9.4%,10.1%,11.3%,13.4%,13.5%,14.2%,13.2%,13.2%,13.4%,14.0%
129,Asia Standard International Group Limited,Real Estate,Real Estate Management & Development,Real Estate,107.6 M,2023,-6.3%,-5.9%,-4.7%,-0.1%,4.5%,5.8%,6.8%,5.3%,3.7%,3.7%,3.8%,4.9%,5.9%
213,National Electronics Holdings Limited,Consumer Discretionary,"Textiles, Apparel & Luxury Goods",Consumer Durables & Apparel,111.3 M,2023,1.9%,2.7%,3.5%,3.7%,4.0%,4.3%,4.7%,5.1%,5.6%,5.2%,5.1%,7.0%,9.2%
1140,Wealthking Investments Limited,Financials,Capital Markets,Diversified Financials,495.9 M,2023,3.2%,3.1%,4.4%,3.6%,3.0%,5.3%,8.6%,-9.7%,-23.5%,-25.1%,-28.2%,-8.4%,10.0%
1729,Time Interconnect Technology Limited,Industrials,Electrical Equipment,Capital Goods,421.4 M,2023,17.7%,17.8%,17.7%,18.7%,22.7%,25.1%,22.5%,20.4%,28.8%,26.4%,13.7%,16.7%,24.7%
6819,IntelliCentrics Global Holdings Ltd.,Healthcare,Health Care Technology,Healthcare Equipment & Services,288.8 M,2023,-95.4%,-130.5%,-55.7%,-53.4%,-37.1%,-23.6%,-8.2%,0.0%,-5.0%,-0.7%,3.2%,0.0%,0.0%
1082,Bradaverse Education (Int'l) Investments Group Limited,Consumer Discretionary,Diversified Consumer Services,Consumer Services,129.2 M,2023,-23.0%,-22.4%,-21.0%,-12.0%,-3.1%,-0.4%,2.6%,-23.4%,-42.1%,-54.2%,-65.8%,-53.6%,-31.7%
1942,MOG Holdings Limited,Consumer Discretionary,Specialty Retail,Retailing,1.543 B,2023,-18.0%,-6.5%,8.1%,7.5%,7.2%,7.7%,11.1%,10.4%,10.3%,11.7%,20.1%,26.9%,34.5%
33,International Genius Company,Consumer Discretionary,Distributors,Retailing,134.8 M,2023,-11.8%,5.3%,22.0%,0.0%,11.0%,-5.1%,NA,NA,NA,NA,NM,NM,-326.0%
825,New World Department Store China Limited,Consumer Discretionary,Multiline Retail,Retailing,193.3 M,2023,-16.7%,-14.2%,-11.4%,-5.5%,0.3%,-2.4%,-5.3%,-12.2%,-18.0%,-14.2%,-9.6%,-4.0%,1.6%
6889,"DYNAM JAPAN HOLDINGS Co., Ltd.",Consumer Discretionary,"Hotels, Restaurants & Leisure",Consumer Services,479.5 M,2023,2.1%,2.9%,3.8%,3.8%,3.9%,2.8%,1.8%,2.7%,3.6%,6.5%,9.2%,9.3%,9.3%
1499,OKG Technology Holdings Limited,Industrials,Construction & Engineering,Capital Goods,242.9 M,2023,3.1%,-13.4%,-30.4%,-41.1%,-41.2%,-40.1%,-36.0%,-29.6%,-20.0%,-20.2%,-19.2%,-14.9%,-10.4%
1341,Hao Tian International Construction Investment Group Limited,Industrials,Trading Companies & Distributors,Capital Goods,231.2 M,2023,-13.5%,-18.2%,-24.5%,-8.9%,7.3%,6.9%,7.4%,3.3%,-1.1%,3.1%,8.2%,3.6%,-1.3%
1023,Sitoy Group Holdings Limited,Consumer Discretionary,"Textiles, Apparel & Luxury Goods",Consumer Durables & Apparel,107.6 M,2023,12.1%,10.3%,8.6%,4.7%,0.8%,-1.9%,-4.4%,-8.6%,-11.8%,-9.3%,-6.8%,-1.9%,2.7%
1468,Kingkey Financial International (Holdings) Limited,Financials,Capital Markets,Diversified Financials,1.554 B,2023,-7.0%,-7.9%,-12.0%,-6.8%,-1.5%,-1.4%,-2.0%,-8.9%,-15.6%,-15.9%,-15.8%,-17.5%,-17.4%
1726,HKE Holdings Limited,Industrials,Construction & Engineering,Capital Goods,179.2 M,2023,-58.3%,-48.6%,-40.0%,-22.8%,-4.8%,-2.0%,0.9%,-0.6%,-2.1%,-1.0%,0.2%,2.9%,5.6%
279,Arta TechFin Corporation Limited,Financials,Capital Markets,Diversified Financials,275 M,2023,"23,360.3%","22,125.6%","8,563.6%","3,176.2%",NM,NM,NM,NM,-354.4%,-794.1%,-312.5%,-298.3%,-202.0%
1243,Wang On Properties Limited,Real Estate,Real Estate Management & Development,Real Estate,110.4 M,2023,4.0%,4.8%,5.6%,8.1%,11.2%,10.5%,9.6%,4.3%,-1.1%,4.3%,10.0%,10.8%,11.4%
2153,"Tat Hong Equipment Service Co., Ltd.",Industrials,Construction & Engineering,Capital Goods,196.2 M,2023,-2.1%,0.5%,3.1%,4.0%,5.9%,7.0%,6.5%,0.0%,0.0%,7.3%,NA,NA,NA
2221,New Concepts Holdings Limited,Industrials,Construction & Engineering,Capital Goods,120.7 M,2023,-1.6%,0.6%,3.8%,-21.1%,-41.7%,-38.0%,-52.2%,-157.3%,-42.7%,-45.7%,-49.4%,-72.3%,-18.7%
1469,Get Nice Financial Group Limited,Financials,Capital Markets,Diversified Financials,207 M,2023,2.4%,6.6%,11.2%,12.5%,13.8%,9.5%,5.4%,4.6%,3.8%,3.7%,3.5%,3.5%,3.5%
1854,China Wantian Holdings Limited,Consumer Staples,Food & Staples Retailing,Food & Staples Retailing,108.4 M,2023,-13.9%,-11.3%,-10.3%,-9.7%,-8.5%,-7.8%,-8.5%,-5.9%,-3.2%,-3.8%,-4.5%,1.1%,8.2%
2708,IBO Technology Company Limited,Information Technology,"Electronic Equipment, Instruments & Components",Technology Hardware & Equipment,119 M,2023,3.1%,2.8%,3.4%,-0.9%,-6.1%,-8.9%,-14.5%,-19.2%,-25.6%,-22.6%,-20.7%,-8.1%,4.4%
1125,Lai Fung Holdings Limited,Real Estate,Real Estate Management & Development,Real Estate,111.8 M,2023,-1.6%,-1.2%,-0.9%,-1.0%,-1.1%,-2.3%,-3.6%,-5.2%,-6.6%,-6.6%,-6.7%,-2.8%,1.0%
131,Cheuk Nang (Holdings) Limited,Real Estate,Real Estate Management & Development,Real Estate,174.6 M,2023,-0.8%,-1.5%,-2.2%,-0.4%,1.4%,1.8%,2.2%,0.8%,-0.7%,0.0%,0.7%,4.4%,8.3%
224,Pioneer Global Group Limited,Real Estate,Real Estate Management & Development,Real Estate,148.5 M,2023,0.9%,1.9%,2.8%,4.3%,5.9%,5.0%,4.1%,1.8%,-0.5%,0.0%,0.5%,2.7%,4.9%
398,Oriental Watch Holdings Limited,Consumer Discretionary,Specialty Retail,Retailing,265.7 M,2023,18.0%,18.4%,18.0%,17.5%,16.7%,14.1%,11.4%,8.1%,4.6%,4.7%,4.7%,5.5%,6.3%
306,Kwoon Chung Bus Holdings Limited,Industrials,Road & Rail,Transportation,139.1 M,2023,-4.3%,-5.6%,-6.5%,-4.9%,-3.2%,-2.7%,-2.2%,-2.2%,-2.2%,-0.6%,0.9%,5.3%,10.1%
149,China Agri-Products Exchange Limited,Real Estate,Real Estate Management & Development,Real Estate,105.2 M,2023,-0.2%,0.1%,0.3%,14.3%,34.4%,33.1%,27.1%,0.0%,0.0%,0.0%,0.4%,0.0%,0.0%
237,"Safety Godown Company, Limited",Real Estate,Real Estate Management & Development,Real Estate,117.6 M,2023,-3.6%,-2.9%,-2.0%,-2.5%,-2.9%,-3.2%,-3.3%,-5.7%,-7.8%,-7.1%,-6.2%,-2.2%,1.9%
1660,Zhaobangji Properties Holdings Limited,Industrials,Trading Companies & Distributors,Capital Goods,236.8 M,2023,-6.5%,0.9%,8.2%,12.5%,17.8%,19.0%,22.4%,18.9%,16.7%,13.4%,11.3%,12.1%,13.4%
303,Vtech Holdings Limited,Information Technology,Communications Equipment,Technology Hardware & Equipment,1.503 B,2023,29.3%,28.9%,24.5%,25.3%,28.8%,32.5%,34.7%,32.1%,32.2%,31.8%,31.6%,32.3%,35.3%
2360,Best Mart 360 Holdings Limited,Consumer Staples,Food & Staples Retailing,Food & Staples Retailing,284.1 M,2023,42.0%,34.6%,27.2%,22.1%,19.3%,21.2%,24.1%,17.2%,10.3%,7.0%,3.6%,10.5%,18.2%
1283,Accel Group Holdings Limited,Industrials,Construction & Engineering,Capital Goods,129.4 M,2023,17.3%,17.9%,18.8%,19.1%,20.9%,21.3%,22.3%,21.6%,29.4%,30.3%,35.4%,33.1%,42.7%
2161,JBM (Healthcare) Limited,Healthcare,Pharmaceuticals,"Pharmaceuticals, Biotechnology & Life Sciences",111.1 M,2023,3.9%,3.3%,2.7%,1.9%,1.2%,2.1%,2.5%,0.0%,NA,0.0%,NA,NA,NA
9913,Chi Kan Holdings Limited,Industrials,Construction & Engineering,Capital Goods,270.1 M,2023,8.6%,9.1%,10.3%,12.2%,14.7%,13.3%,15.6%,16.5%,14.3%,16.8%,20.6%,0.0%,NA
1082,Bradaverse Education (Int'l) Investments Group Limited,Consumer Discretionary,Diversified Consumer Services,Consumer Services,129.2 M,2023,-23.0%,-22.4%,-21.0%,-12.0%,-3.1%,-0.4%,2.6%,-23.4%,-42.1%,-54.2%,-65.8%,-53.6%,-31.7%
1387,China Dili Group,Real Estate,Real Estate Management & Development,Real Estate,748 M,2022,-9.2%,-3.7%,1.8%,1.7%,1.9%,1.8%,1.8%,2.6%,4.1%,5.3%,6.6%,3.5%,0.4%
1188,Hybrid Kinetic Group Limited,Consumer Discretionary,Automobiles,Automobiles & Components,103.7 M,2022,-11.4%,-12.8%,-14.0%,-14.4%,-14.0%,-64.0%,-72.7%,-75.7%,-73.7%,-47.2%,-14.4%,-18.8%,-20.8%
245,China Vered Financial Holding Corporation Limited,Financials,Capital Markets,Diversified Financials,252.1 M,2022,-9.9%,-4.2%,1.4%,5.6%,9.5%,7.8%,5.9%,-0.7%,-7.4%,-9.0%,-10.3%,-6.4%,-2.5%
416,"Bank of Jinzhou Co., Ltd.",Financials,Banks,Banks,2.458 B,2022,0.9%,1.0%,1.2%,0.4%,-0.4%,-0.4%,-0.4%,0.2%,1.0%,-0.6%,-2.1%,-12.3%,-22.1%
6188,"Beijing Digital Telecom Co., Ltd.",Consumer Discretionary,Specialty Retail,Retailing,357.4 M,2022,-42.3%,-279.5%,-143.0%,-139.5%,-133.0%,-64.3%,2.7%,3.6%,4.5%,5.4%,6.6%,7.2%,8.0%
7841,HK Acquisition Corporation,Financials,Capital Markets,Diversified Financials,141.5 M,2022,-,NA,NA,NA,NA,NA,NA,NA,NA,NA,NA,NA,NA
408,Yip's Chemical Holdings Limited,Materials,Chemicals,Materials,273.7 M,2022,5.9%,0.0%,5.9%,8.6%,11.3%,13.2%,16.7%,13.0%,9.5%,8.6%,8.5%,9.0%,9.4%
258,Tomson Group Limited,Real Estate,Real Estate Management & Development,Real Estate,421.8 M,2022,1.4%,1.8%,2.1%,2.2%,2.4%,1.9%,1.4%,1.2%,1.0%,1.2%,1.4%,1.6%,1.9%
733,Hopefluent Group Holdings Limited,Real Estate,Real Estate Management & Development,Real Estate,178.6 M,2022,-36.3%,-27.4%,-17.0%,-6.2%,4.2%,4.8%,5.5%,0.0%,7.5%,7.7%,8.1%,0.0%,8.5%
10,Hang Lung Group Limited,Real Estate,Real Estate Management & Development,Real Estate,2.39 B,2022,2.9%,2.8%,2.7%,2.7%,2.8%,2.2%,1.7%,0.0%,-1.7%,0.0%,1.7%,4.7%,7.7%
51,Harbour Centre Development Limited,Real Estate,Real Estate Management & Development,Real Estate,666.6 M,2022,-1.3%,-0.8%,-0.4%,-0.3%,-0.2%,0.1%,0.4%,-3.5%,-6.9%,-7.8%,-8.9%,-4.1%,0.7%
256,Citychamp Watch & Jewellery Group Limited,Consumer Discretionary,"Textiles, Apparel & Luxury Goods",Consumer Durables & Apparel,637.6 M,2022,-3.0%,-2.7%,-2.3%,-2.2%,-2.3%,-3.2%,-3.9%,-3.6%,-3.4%,-1.2%,1.0%,1.9%,2.6%
693,Tan Chong International Limited,Consumer Discretionary,Distributors,Retailing,436 M,2022,4.5%,4.1%,3.5%,2.3%,1.1%,0.6%,0.1%,0.2%,0.4%,1.2%,1.9%,2.5%,3.1%
2038,FIH Mobile Limited,Information Technology,"Electronic Equipment, Instruments & Components",Technology Hardware & Equipment,877.9 M,2022,-3.7%,-0.3%,3.0%,2.9%,2.7%,-1.1%,-5.2%,-7.0%,-8.3%,0.0%,-2.5%,-2.1%,-1.5%
2686,AAG Energy Holdings Limited,Energy,"Oil, Gas & Consumable Fuels",Energy,692.1 M,2022,20.2%,18.5%,18.2%,15.4%,13.2%,11.3%,9.8%,9.2%,8.6%,10.1%,12.1%,12.3%,12.6%
1680,Macau Legend Development Limited,Consumer Discretionary,"Hotels, Restaurants & Leisure",Consumer Services,240.9 M,2022,-22.8%,-25.2%,-24.2%,-33.4%,-35.8%,-34.6%,-30.1%,-19.9%,-8.8%,-5.7%,-2.5%,-7.8%,-12.3%
1415,Cowell e Holdings Inc.,Information Technology,"Electronic Equipment, Instruments & Components",Technology Hardware & Equipment,2.101 B,2022,25.2%,21.4%,19.7%,18.2%,17.8%,15.5%,12.6%,13.5%,14.5%,16.9%,18.2%,13.8%,8.8%
2232,Crystal International Group Limited,Consumer Discretionary,"Textiles, Apparel & Luxury Goods",Consumer Durables & Apparel,1.047 B,2022,13.1%,13.2%,14.0%,13.5%,13.3%,12.5%,12.6%,11.1%,9.6%,10.1%,11.4%,12.9%,14.6%
2448,Space Group Holdings Limited,Industrials,Construction & Engineering,Capital Goods,349.1 M,2022,3.5%,5.2%,6.9%,7.7%,9.9%,9.9%,10.3%,9.0%,9.3%,10.9%,13.1%,14.2%,17.1%
531,Samson Holding Ltd.,Consumer Discretionary,Household Durables,Consumer Durables & Apparel,102.1 M,2022,4.7%,5.7%,6.8%,7.7%,8.8%,6.9%,5.0%,0.2%,-4.6%,-13.0%,-19.5%,-17.0%,-14.1%
139,Central Wealth Group Holdings Limited,Financials,Capital Markets,Diversified Financials,119.2 M,2022,-25.8%,-29.4%,-30.9%,-20.3%,-9.5%,-3.6%,2.2%,8.0%,12.4%,13.8%,13.6%,5.4%,-2.1%
1051,G-Resources Group Limited,Financials,Diversified Financial Services,Diversified Financials,113.7 M,2022,-3.5%,0.4%,4.4%,5.5%,6.7%,5.6%,4.8%,3.8%,2.9%,2.9%,3.0%,3.0%,3.0%
272,Shui On Land Limited,Real Estate,Real Estate Management & Development,Real Estate,1.023 B,2022,2.2%,2.3%,2.4%,3.2%,3.8%,4.2%,4.6%,1.4%,-1.7%,-2.0%,-2.3%,1.1%,4.3%
1578,"Bank of Tianjin Co., Ltd.",Financials,Banks,Banks,1.415 B,2022,6.1%,5.8%,5.8%,6.9%,8.1%,8.0%,8.3%,8.1%,8.1%,8.6%,9.3%,9.2%,9.5%
85,China Electronics Huada Technology Company Limited,Information Technology,Semiconductors & Semiconductor Equipment,Semiconductors & Semiconductor Equipment,395.6 M,2022,21.3%,15.6%,10.7%,-38.4%,-64.3%,-64.1%,-64.8%,-27.6%,7.5%,7.6%,7.8%,6.6%,5.5%
655,Hongkong Chinese Limited,Real Estate,Real Estate Management & Development,Real Estate,129.8 M,2022,7.5%,7.0%,6.2%,0.0%,-5.3%,-0.6%,-12.0%,3.2%,2.5%,0.6%,-1.2%,0.3%,2.0%
990,Theme International Holdings Limited,Industrials,Trading Companies & Distributors,Capital Goods,1.459 B,2022,29.6%,28.7%,38.7%,37.8%,43.1%,31.7%,30.8%,21.5%,14.3%,13.1%,15.3%,13.6%,12.7%
201,Magnificent Hotel Investments Limited,Consumer Discretionary,"Hotels, Restaurants & Leisure",Consumer Services,129.9 M,2022,14.8%,9.4%,4.3%,3.0%,1.7%,0.4%,-1.1%,-3.2%,-5.2%,-4.9%,-4.6%,-1.9%,0.8%
187,Beijing Jingcheng Machinery Electric Company Limited,Industrials,Machinery,Capital Goods,819.8 M,2022,0.5%,-1.4%,-3.0%,-3.4%,30.8%,29.4%,35.3%,30.2%,-22.3%,-24.9%,-35.2%,-32.3%,-24.0%
2869,Greentown Service Group Co. Ltd.,Real Estate,Real Estate Management & Development,Real Estate,2.067 B,2022,7.7%,8.4%,9.3%,10.8%,12.2%,12.5%,13.2%,11.9%,14.8%,13.9%,13.7%,12.1%,18.8%
419,Huayi Tencent Entertainment Company Limited,Consumer Discretionary,"Hotels, Restaurants & Leisure",Consumer Services,242.3 M,2022,-34.4%,-25.8%,-15.4%,-11.4%,-6.6%,-6.9%,-7.0%,-5.5%,-3.8%,-3.6%,-3.4%,-4.7%,-6.0%
431,Greater China Financial Holdings Limited,Financials,Consumer Finance,Diversified Financials,129.8 M,2022,-110.4%,-116.1%,-81.5%,-93.2%,-97.7%,-111.9%,-83.9%,-84.8%,-75.9%,-60.8%,-37.0%,-22.3%,-6.4%
225,Pokfulam Development Company Limited,Real Estate,Real Estate Management & Development,Real Estate,120.7 M,2022,0.3%,1.4%,2.6%,2.6%,2.5%,1.2%,-0.1%,-0.6%,-1.1%,-0.4%,0.3%,1.4%,2.5%
617,Paliburg Holdings Limited,Consumer Discretionary,"Hotels, Restaurants & Leisure",Consumer Services,255.6 M,2022,-0.8%,-2.0%,-3.3%,-3.5%,-3.5%,-4.9%,-6.3%,-4.7%,-2.9%,-0.8%,1.3%,1.1%,0.8%
450,Hung Hing Printing Group Limited,Materials,Containers & Packaging,Materials,126.1 M,2022,2.1%,0.9%,-0.3%,0.7%,1.6%,3.0%,4.5%,4.0%,3.4%,2.9%,2.4%,2.4%,2.4%
228,China Energy Development Holdings Limited,Energy,"Oil, Gas & Consumable Fuels",Energy,124.7 M,2022,8.1%,6.3%,8.1%,7.7%,7.4%,5.6%,4.1%,1.6%,-0.9%,-2.8%,-4.8%,-4.8%,-4.6%
251,S E A Holdings Limited,Real Estate,Real Estate Management & Development,Real Estate,145.7 M,2022,-1.1%,0.1%,1.2%,2.0%,2.7%,2.6%,2.4%,2.3%,2.2%,2.5%,2.8%,2.5%,2.2%
535,Gemdale Properties and Investment Corporation Limited,Real Estate,Real Estate Management & Development,Real Estate,1.1 B,2022,20.1%,20.1%,19.8%,19.3%,22.2%,23.7%,25.7%,25.4%,30.1%,28.5%,28.3%,24.6%,24.4%
719,Shandong Xinhua Pharmaceutical Company Limited,Healthcare,Pharmaceuticals,"Pharmaceuticals, Biotechnology & Life Sciences",1.749 B,2022,9.7%,9.7%,9.5%,9.9%,10.4%,11.2%,11.1%,10.6%,10.5%,10.2%,11.1%,10.7%,10.6%
542,TFG International Group Limited,Consumer Discretionary,"Hotels, Restaurants & Leisure",Consumer Services,212.4 M,2022,-209.5%,-745.9%,-427.2%,-410.4%,-167.1%,-144.1%,-87.9%,-79.7%,-43.4%,-46.6%,-45.2%,-36.4%,-21.5%
622,Oshidori International Holdings Limited,Financials,Consumer Finance,Diversified Financials,214 M,2022,-49.9%,-44.2%,-40.1%,3.7%,42.1%,37.0%,35.0%,16.5%,-2.5%,-4.0%,-5.7%,-2.7%,0.4%
420,Fountain Set (Holdings) Limited,Consumer Discretionary,"Textiles, Apparel & Luxury Goods",Consumer Durables & Apparel,126.4 M,2022,5.1%,0.9%,5.1%,6.1%,6.9%,6.9%,7.1%,4.8%,2.5%,1.9%,1.3%,2.8%,4.1%
255,Lung Kee (Bermuda) Holdings Limited,Industrials,Machinery,Capital Goods,200.4 M,2022,7.4%,4.1%,7.4%,9.0%,10.0%,9.9%,10.3%,9.4%,8.3%,7.5%,6.9%,7.0%,7.0%
1198,Royale Home Holdings Limited,Consumer Discretionary,Household Durables,Consumer Durables & Apparel,662.1 M,2022,3.7%,3.5%,2.8%,15.4%,35.5%,34.4%,29.5%,13.1%,-4.8%,-0.5%,3.7%,3.4%,3.5%
1596,Hebei Yichen Industrial Group Corporation Limited,Industrials,Machinery,Capital Goods,455.2 M,2022,10.1%,10.4%,11.1%,10.3%,10.2%,11.1%,12.5%,12.0%,11.8%,10.8%,10.4%,9.1%,8.0%
1782,Vixtel Technologies Holdings Limited,Information Technology,IT Services,Software & Services,173.8 M,2022,-0.9%,0.3%,2.0%,1.5%,1.0%,0.8%,0.6%,2.8%,5.0%,6.1%,7.3%,12.5%,14.5%
326,China Star Entertainment Limited,Communication Services,Entertainment,Media,203.8 M,2022,-4.8%,-4.8%,-4.6%,0.0%,-2.4%,-2.8%,-3.0%,-6.9%,-9.7%,-9.2%,-8.3%,-4.6%,-0.9%
28,Tian An China Investments Company Limited,Real Estate,Real Estate Management & Development,Real Estate,747.1 M,2022,5.6%,5.5%,5.6%,5.5%,5.4%,4.2%,3.1%,2.8%,2.5%,2.6%,2.9%,4.3%,5.6%
2355,Baoye Group Company Limited,Industrials,Construction & Engineering,Capital Goods,254.7 M,2022,6.5%,6.9%,7.6%,7.8%,8.4%,8.2%,8.3%,8.4%,9.1%,9.5%,9.8%,10.6%,9.2%
2488,Launch Tech Company Limited,Consumer Discretionary,Auto Components,Automobiles & Components,120.6 M,2022,11.7%,12.0%,13.2%,3.2%,-6.6%,-11.6%,-16.9%,-22.6%,-23.7%,-19.9%,-15.7%,-3.4%,7.8%
2348,Dawnrays Pharmaceutical (Holdings) Limited,Healthcare,Pharmaceuticals,"Pharmaceuticals, Biotechnology & Life Sciences",255.9 M,2022,15.5%,15.4%,15.7%,14.6%,14.2%,13.3%,12.8%,12.0%,11.5%,12.1%,12.9%,13.8%,14.9%
2317,Vedan International (Holdings) Limited,Consumer Staples,Food Products,"Food, Beverage & Tobacco",100.9 M,2022,-1.5%,-0.7%,0.1%,1.9%,3.7%,5.3%,7.1%,6.4%,5.7%,4.4%,3.2%,4.3%,5.4%
568,Shandong Molong Petroleum Machinery Company Limited,Energy,Energy Equipment & Services,Energy,390.4 M,2022,-37.5%,-32.0%,-21.6%,-23.0%,10.9%,4.4%,-0.2%,1.8%,-24.0%,-18.0%,-15.3%,-10.6%,-1.0%
471,Silkwave Inc,Communication Services,Media,Media,112.1 M,2022,-36.7%,-38.5%,-38.4%,-90.0%,-85.3%,-84.2%,-76.5%,-49.1%,-15.6%,-13.9%,-11.7%,-10.5%,-8.7%
360,New Focus Auto Tech Holdings Limited,Consumer Discretionary,Auto Components,Automobiles & Components,100.9 M,2022,-43.6%,-47.9%,-45.0%,0.0%,-30.2%,-93.2%,-86.4%,-93.2%,-80.8%,-52.6%,-17.8%,0.0%,4.0%
818,Hi Sun Technology (China) Limited,Financials,Diversified Financial Services,Diversified Financials,279.5 M,2022,6.6%,0.0%,12.0%,30.9%,57.8%,0.0%,62.5%,36.7%,12.7%,10.3%,8.4%,10.2%,12.6%
547,Digital Domain Holdings Limited,Communication Services,Entertainment,Media,137.9 M,2022,-96.6%,-95.7%,-101.2%,-91.3%,-48.9%,-49.0%,-51.5%,0.0%,-23.4%,-25.3%,-29.4%,-32.2%,-29.0%
3303,Jutal Offshore Oil Services Limited,Energy,Energy Equipment & Services,Energy,106 M,2022,-12.8%,-6.1%,0.5%,5.7%,10.7%,9.0%,6.7%,4.8%,2.9%,1.6%,0.2%,-0.5%,-1.2%
89,Tai Sang Land Development Limited,Real Estate,Real Estate Management & Development,Real Estate,148.1 M,2022,8.3%,7.9%,7.7%,4.8%,1.9%,0.0%,-2.0%,-0.3%,1.4%,3.5%,5.6%,4.3%,3.1%
611,China Nuclear Energy Technology Corporation Limited,Industrials,Construction & Engineering,Capital Goods,103.8 M,2022,5.9%,5.7%,6.7%,0.0%,8.3%,7.8%,7.4%,7.1%,9.5%,10.1%,10.8%,11.1%,11.7%
3848,Wealthy Way Group Limited,Financials,Diversified Financial Services,Diversified Financials,120.3 M,2022,5.1%,4.7%,5.1%,5.4%,5.9%,-6.9%,-17.7%,-18.5%,-19.9%,-6.6%,6.2%,6.1%,6.5%
1696,Sisram Medical Ltd,Healthcare,Healthcare Equipment & Supplies,Healthcare Equipment & Services,710.8 M,2022,9.6%,9.1%,9.4%,8.9%,8.5%,7.6%,7.2%,5.6%,4.1%,4.0%,4.1%,5.2%,6.5%
6093,Hevol Services Group Co. Limited,Real Estate,Real Estate Management & Development,Real Estate,255.4 M,2022,18.3%,17.4%,20.7%,18.8%,18.7%,16.9%,23.9%,18.7%,19.0%,13.6%,11.3%,7.3%,16.8%
811,"Xinhua Winshare Publishing and Media Co., Ltd.",Consumer Discretionary,Distributors,Retailing,1.501 B,2022,12.2%,12.7%,12.0%,12.2%,12.0%,13.0%,13.0%,13.1%,12.5%,12.6%,11.9%,12.9%,12.7%
573,Tao Heung Holdings Limited,Consumer Discretionary,"Hotels, Restaurants & Leisure",Consumer Services,111.1 M,2022,-7.0%,-4.2%,-1.4%,0.0%,1.5%,-1.2%,-3.6%,-3.3%,-3.1%,2.5%,7.6%,8.0%,8.1%
2225,Jinhai International Group Holdings Limited,Industrials,Professional Services,Commercial & Professional Services,424.6 M,2022,1.5%,0.3%,-0.8%,1.3%,3.3%,4.1%,5.1%,2.1%,-0.9%,-1.8%,-2.8%,-4.5%,-5.7%
3738,Vobile Group Limited,Information Technology,Software,Software & Services,1.11 B,2022,-1.5%,-1.5%,-2.0%,0.3%,3.4%,6.1%,15.3%,10.8%,10.1%,-2.0%,-15.7%,-12.7%,-8.6%
1836,Stella International Holdings Limited,Consumer Discretionary,"Textiles, Apparel & Luxury Goods",Consumer Durables & Apparel,811.4 M,2022,11.8%,11.9%,12.2%,10.7%,9.3%,6.6%,4.1%,2.1%,0.2%,2.8%,5.6%,8.0%,10.0%
757,Solargiga Energy Holdings Limited,Information Technology,Semiconductors & Semiconductor Equipment,Semiconductors & Semiconductor Equipment,116.4 M,2022,65.1%,64.0%,77.0%,0.0%,-4.7%,-23.3%,-45.4%,-76.9%,-50.2%,-64.7%,-61.9%,-57.0%,-43.8%
848,Maoye International Holdings Limited,Consumer Discretionary,Multiline Retail,Retailing,159.1 M,2022,0.7%,1.2%,0.7%,0.6%,0.5%,-0.6%,-1.8%,-1.6%,-1.3%,-0.5%,0.3%,0.9%,1.5%
1231,Newton Resources Ltd,Industrials,Trading Companies & Distributors,Capital Goods,346.5 M,2022,-8.9%,-8.7%,-8.9%,-7.4%,-5.9%,-1.3%,3.1%,2.8%,2.6%,-3.9%,-9.1%,-8.9%,-8.6%
3788,China Hanking Holdings Limited,Materials,Metals & Mining,Materials,192.3 M,2022,-3.6%,11.8%,28.1%,38.1%,48.5%,43.8%,49.0%,42.1%,38.7%,37.6%,49.5%,47.9%,30.9%
3360,Far East Horizon Limited,Financials,Diversified Financial Services,Diversified Financials,3.75 B,2022,12.6%,12.2%,12.7%,12.4%,12.0%,11.6%,11.4%,10.8%,11.1%,10.6%,10.1%,10.3%,11.2%
875,China Finance Investment Holdings Limited,Consumer Staples,Food Products,"Food, Beverage & Tobacco",236.3 M,2022,9.5%,9.2%,9.5%,-2.5%,-16.1%,-18.1%,-27.7%,-22.2%,-16.1%,-19.8%,-32.6%,-55.4%,-57.6%
3688,Top Spring International Holdings Limited,Real Estate,Real Estate Management & Development,Real Estate,196.8 M,2022,-0.6%,-0.1%,0.3%,0.3%,0.3%,-1.3%,-2.9%,-4.6%,-6.4%,-6.2%,-5.8%,-3.0%,-0.3%
661,China Daye Non-Ferrous Metals Mining Limited,Materials,Metals & Mining,Materials,161.9 M,2022,7.2%,8.5%,10.1%,12.9%,17.2%,14.5%,12.1%,8.6%,5.7%,6.0%,6.3%,2.5%,-1.4%
6830,Huazhong In-Vehicle Holdings Company Limited,Consumer Discretionary,Auto Components,Automobiles & Components,558.9 M,2022,3.7%,4.0%,4.4%,7.4%,10.9%,10.3%,9.9%,7.6%,5.6%,6.9%,8.5%,10.3%,12.8%
952,China Tonghai International Financial Limited,Financials,Capital Markets,Diversified Financials,152.7 M,2022,-54.6%,-51.8%,-47.7%,-20.9%,4.8%,3.3%,1.8%,-0.9%,-3.6%,-1.8%,0.1%,1.1%,2.1%
2899,Zijin Mining Group Company Limited,Materials,Metals & Mining,Materials,40.854 B,2022,26.9%,29.7%,27.7%,24.2%,21.1%,17.9%,14.2%,11.6%,12.4%,10.6%,9.7%,9.3%,9.7%
981,Semiconductor Manufacturing International Corporation,Information Technology,Semiconductors & Semiconductor Equipment,Semiconductors & Semiconductor Equipment,26.279 B,2022,11.2%,10.6%,12.1%,10.5%,9.1%,11.8%,7.4%,6.6%,5.1%,6.1%,4.5%,3.6%,2.7%
3918,NagaCorp Ltd.,Consumer Discretionary,"Hotels, Restaurants & Leisure",Consumer Services,3.478 B,2022,6.1%,2.6%,-1.0%,-4.8%,-8.9%,-4.3%,0.3%,3.3%,5.9%,11.6%,18.3%,25.2%,31.3%
1057,Zhejiang Shibao Company Limited,Consumer Discretionary,Auto Components,Automobiles & Components,658.2 M,2022,1.1%,-0.1%,0.0%,0.7%,2.5%,3.3%,4.3%,4.8%,3.1%,-7.4%,-10.2%,-12.2%,-12.7%
1868,Neo-Neon Holdings Limited,Industrials,Electrical Equipment,Capital Goods,116.1 M,2022,0.1%,0.0%,0.1%,-1.7%,-3.4%,0.0%,4.3%,2.0%,-0.3%,-4.6%,-7.6%,-4.5%,-1.3%
3382,Tianjin Port Development Holdings Limited,Industrials,Transportation Infrastructure,Transportation,478.5 M,2022,5.8%,6.3%,6.6%,6.3%,6.4%,5.7%,5.0%,3.8%,2.7%,3.0%,3.2%,2.6%,2.0%
8446,In Technical Productions Holdings Limited,Communication Services,Entertainment,Media,841.8 M,2022,12.4%,-36.7%,-34.1%,-36.9%,-39.7%,NA,-35.3%,-26.2%,-20.6%,NA,2.0%,8.9%,18.9%
1702,Dongguang Chemical Limited,Materials,Chemicals,Materials,205.7 M,2022,18.9%,15.3%,18.9%,18.6%,19.7%,17.6%,16.7%,13.3%,10.6%,9.6%,9.2%,11.8%,15.1%
1003,Huanxi Media Group Limited,Communication Services,Entertainment,Media,517 M,2022,-14.1%,-14.2%,-15.2%,-19.1%,-24.6%,-20.6%,-18.6%,0.0%,-15.8%,-3.7%,11.8%,5.2%,-1.1%
837,Carpenter Tan Holdings Limited,Consumer Discretionary,"Textiles, Apparel & Luxury Goods",Consumer Durables & Apparel,106.5 M,2022,16.5%,16.6%,16.9%,17.0%,18.6%,16.1%,13.2%,13.0%,12.4%,16.1%,18.8%,18.8%,18.2%
1029,IRC Limited,Materials,Metals & Mining,Materials,112.9 M,2022,-9.2%,10.0%,29.8%,36.3%,50.7%,38.6%,30.4%,14.1%,-2.7%,-8.2%,-12.9%,3.3%,23.0%
1085,Hengxin Technology Ltd.,Information Technology,Communications Equipment,Technology Hardware & Equipment,106.8 M,2022,3.5%,4.1%,4.8%,4.4%,4.0%,3.5%,3.0%,3.3%,3.6%,3.7%,3.9%,5.4%,6.9%
1127,Lion Rock Group Limited,Industrials,Commercial Services & Supplies,Commercial & Professional Services,108.9 M,2022,18.4%,14.5%,11.1%,10.5%,10.5%,10.0%,9.4%,9.3%,10.0%,11.7%,13.1%,14.4%,16.7%
1329,Beijing Capital Grand Limited,Real Estate,Real Estate Management & Development,Real Estate,223.9 M,2022,-8.7%,-7.9%,-6.7%,-5.7%,-4.6%,-4.7%,-4.6%,-5.5%,-6.3%,-6.6%,-6.7%,-5.5%,-4.2%
1263,PC Partner Group Limited,Information Technology,"Technology Hardware, Storage & Peripherals",Technology Hardware & Equipment,286.6 M,2022,85.7%,49.6%,85.7%,88.2%,113.3%,83.1%,76.9%,45.6%,20.9%,16.6%,14.3%,7.7%,1.2%
8328,Xinyi Electric Storage Holdings Limited,Industrials,Electrical Equipment,Capital Goods,391.1 M,2022,4.9%,13.3%,13.2%,11.1%,10.5%,NA,4.8%,4.7%,4.8%,NA,5.5%,5.7%,6.5%
2166,Smart-Core Holdings Limited,Information Technology,"Electronic Equipment, Instruments & Components",Technology Hardware & Equipment,127.2 M,2022,33.1%,25.6%,33.1%,29.9%,29.8%,24.3%,20.8%,15.9%,11.7%,10.4%,9.4%,9.4%,9.6%
1551,"Guangzhou Rural Commercial Bank Co., Ltd.",Financials,Banks,Banks,3.603 B,2022,3.0%,3.5%,4.0%,5.5%,7.6%,7.5%,7.5%,9.1%,11.1%,12.1%,13.5%,12.9%,13.1%
1216,"Zhongyuan Bank Co., Ltd.",Financials,Banks,Banks,2.933 B,2022,4.9%,4.7%,5.1%,6.0%,5.8%,5.7%,5.8%,5.7%,5.1%,5.2%,5.7%,5.5%,6.3%
1523,Plover Bay Technologies Limited,Information Technology,Communications Equipment,Technology Hardware & Equipment,348.6 M,2022,54.4%,53.8%,61.0%,59.6%,55.8%,52.2%,57.6%,51.1%,40.7%,36.7%,37.6%,38.6%,36.2%
2278,Hailan Holdings Limited,Real Estate,Real Estate Management & Development,Real Estate,122.3 M,2022,-3.9%,-1.4%,1.0%,2.8%,4.0%,3.9%,3.8%,2.8%,1.6%,0.3%,-1.0%,0.9%,2.8%
2136,Lifestyle China Group Limited,Consumer Discretionary,Multiline Retail,Retailing,223.9 M,2022,-0.3%,-0.1%,0.0%,0.8%,1.5%,2.3%,3.1%,2.7%,2.3%,0.2%,-1.9%,-1.4%,-0.9%
6088,FIT Hon Teng Limited,Information Technology,"Electronic Equipment, Instruments & Components",Technology Hardware & Equipment,1.715 B,2022,7.2%,8.1%,9.3%,7.7%,6.0%,3.6%,1.4%,1.7%,2.0%,4.7%,7.8%,9.7%,11.8%
2337,United Strength Power Holdings Limited,Consumer Discretionary,Specialty Retail,Retailing,290.1 M,2022,18.0%,32.1%,53.1%,54.5%,61.4%,51.1%,49.8%,58.8%,66.4%,60.1%,55.4%,36.9%,19.5%
1916,"Jiangxi Bank Co., Ltd.",Financials,Banks,Banks,782.8 M,2022,5.1%,5.2%,5.4%,5.3%,5.4%,5.3%,5.3%,5.1%,4.8%,5.4%,6.2%,7.3%,8.8%
1183,MECOM Power and Construction Limited,Industrials,Construction & Engineering,Capital Goods,515.9 M,2022,28.2%,28.5%,28.5%,24.7%,21.4%,16.6%,11.3%,12.8%,15.6%,14.6%,12.3%,10.4%,9.2%
1652,Fusen Pharmaceutical Company Limited,Healthcare,Pharmaceuticals,"Pharmaceuticals, Biotechnology & Life Sciences",117.9 M,2022,-5.1%,-1.3%,2.5%,7.3%,11.6%,10.9%,10.5%,10.1%,9.9%,9.1%,8.3%,9.7%,16.7%
1725,Hong Kong Aerospace Technology Group Limited,Information Technology,"Electronic Equipment, Instruments & Components",Technology Hardware & Equipment,461.3 M,2022,-32.0%,-24.9%,-16.5%,-6.3%,5.2%,6.2%,7.1%,5.2%,3.5%,7.2%,11.4%,10.4%,12.7%
1034,Fullwealth International Group Holdings Limited,Industrials,Construction & Engineering,Capital Goods,201.8 M,2022,49.0%,48.9%,52.3%,20.7%,-12.5%,-33.9%,-49.6%,-39.3%,-26.4%,-11.0%,4.0%,6.1%,8.1%
1713,"Sichuan Energy Investment Development Co., Ltd.",Utilities,Electric Utilities,Utilities,238.1 M,2022,9.0%,9.1%,9.3%,9.1%,9.3%,9.3%,9.3%,8.4%,7.9%,7.3%,6.7%,6.7%,7.4%
1521,Frontage Holdings Corporation,Healthcare,Life Sciences Tools & Services,"Pharmaceuticals, Biotechnology & Life Sciences",599.3 M,2022,7.1%,6.5%,6.1%,6.6%,7.4%,6.7%,6.2%,5.6%,5.2%,6.2%,12.0%,11.7%,7.2%
6117,"Rizhao Port Jurong Co., Ltd.",Industrials,Transportation Infrastructure,Transportation,116.3 M,2022,8.0%,7.5%,7.3%,6.9%,6.6%,6.7%,7.0%,7.0%,7.3%,7.1%,8.0%,6.5%,7.1%
1901,Feiyang International Holdings Group Limited,Consumer Discretionary,"Hotels, Restaurants & Leisure",Consumer Services,113.1 M,2022,-137.2%,-185.3%,-211.1%,-217.3%,-140.3%,-111.8%,-57.4%,-29.3%,-1.0%,4.1%,12.1%,9.6%,5.4%
2588,BOC Aviation Limited,Industrials,Trading Companies & Distributors,Capital Goods,5.305 B,2022,0.4%,0.1%,-0.1%,5.6%,11.2%,10.0%,9.1%,9.9%,10.9%,13.0%,15.8%,15.7%,16.0%
1583,Qinqin Foodstuffs Group (Cayman) Company Limited,Consumer Staples,Food Products,"Food, Beverage & Tobacco",134.7 M,2022,-0.1%,-2.8%,-5.2%,-5.7%,-6.2%,-4.7%,-3.2%,-0.9%,1.4%,4.7%,8.6%,7.8%,8.1%
1272,"Datang Environment Industry Group Co., Ltd.",Industrials,Commercial Services & Supplies,Commercial & Professional Services,359.1 M,2022,0.0%,0.0%,-1.4%,-2.9%,-3.0%,5.5%,4.8%,5.3%,4.3%,2.6%,2.6%,2.7%,3.1%
1347,Hua Hong Semiconductor Limited,Information Technology,Semiconductors & Semiconductor Equipment,Semiconductors & Semiconductor Equipment,5.821 B,2022,15.5%,13.4%,11.8%,9.7%,6.8%,5.7%,4.7%,4.2%,3.6%,4.9%,6.0%,7.4%,9.5%
1811,"CGN New Energy Holdings Co., Ltd.",Utilities,Independent Power & Renewable Electricity Producers,Utilities,1.377 B,2022,14.6%,13.1%,13.2%,13.5%,14.6%,17.9%,21.1%,17.6%,15.1%,14.2%,15.0%,13.3%,12.4%
1977,Analogue Holdings Limited,Industrials,Construction & Engineering,Capital Goods,231.9 M,2022,12.8%,9.0%,12.8%,14.1%,15.3%,15.1%,16.2%,16.1%,16.1%,14.6%,15.7%,15.8%,16.5%
2588,BOC Aviation Limited,Industrials,Trading Companies & Distributors,Capital Goods,5.305 B,2022,0.4%,0.1%,-0.1%,5.6%,11.2%,10.0%,9.1%,9.9%,10.9%,13.0%,15.8%,15.7%,16.0%
8328,Xinyi Electric Storage Holdings Limited,Industrials,Electrical Equipment,Capital Goods,391.1 M,2022,4.9%,13.3%,13.2%,11.1%,10.5%,NA,4.8%,4.7%,4.8%,NA,5.5%,5.7%,6.5%
2232,Crystal International Group Limited,Consumer Discretionary,"Textiles, Apparel & Luxury Goods",Consumer Durables & Apparel,1.047 B,2022,13.1%,13.2%,14.0%,13.5%,13.3%,12.5%,12.6%,11.1%,9.6%,10.1%,11.4%,12.9%,14.6%
2166,Smart-Core Holdings Limited,Information Technology,"Electronic Equipment, Instruments & Components",Technology Hardware & Equipment,127.2 M,2022,33.1%,25.6%,33.1%,29.9%,29.8%,24.3%,20.8%,15.9%,11.7%,10.4%,9.4%,9.4%,9.6%
1216,"Zhongyuan Bank Co., Ltd.",Financials,Banks,Banks,2.933 B,2022,4.9%,4.7%,5.1%,6.0%,5.8%,5.7%,5.8%,5.7%,5.1%,5.2%,5.7%,5.5%,6.3%
1523,Plover Bay Technologies Limited,Information Technology,Communications Equipment,Technology Hardware & Equipment,348.6 M,2022,54.4%,53.8%,61.0%,59.6%,55.8%,52.2%,57.6%,51.1%,40.7%,36.7%,37.6%,38.6%,36.2%
2136,Lifestyle China Group Limited,Consumer Discretionary,Multiline Retail,Retailing,223.9 M,2022,-0.3%,-0.1%,0.0%,0.8%,1.5%,2.3%,3.1%,2.7%,2.3%,0.2%,-1.9%,-1.4%,-0.9%
1272,"Datang Environment Industry Group Co., Ltd.",Industrials,Commercial Services & Supplies,Commercial & Professional Services,359.1 M,2022,0.0%,0.0%,-1.4%,-2.9%,-3.0%,5.5%,4.8%,5.3%,4.3%,2.6%,2.6%,2.7%,3.1%
6088,FIT Hon Teng Limited,Information Technology,"Electronic Equipment, Instruments & Components",Technology Hardware & Equipment,1.715 B,2022,7.2%,8.1%,9.3%,7.7%,6.0%,3.6%,1.4%,1.7%,2.0%,4.7%,7.8%,9.7%,11.8%
1183,MECOM Power and Construction Limited,Industrials,Construction & Engineering,Capital Goods,515.9 M,2022,28.2%,28.5%,28.5%,24.7%,21.4%,16.6%,11.3%,12.8%,15.6%,14.6%,12.3%,10.4%,9.2%
2448,Space Group Holdings Limited,Industrials,Construction & Engineering,Capital Goods,349.1 M,2022,3.5%,5.2%,6.9%,7.7%,9.9%,9.9%,10.3%,9.0%,9.3%,10.9%,13.1%,14.2%,17.1%
1978,LH Group Limited,Consumer Discretionary,"Hotels, Restaurants & Leisure",Consumer Services,131.5 M,2022,21.1%,23.9%,22.7%,29.2%,44.7%,44.5%,40.7%,16.5%,-7.6%,-5.4%,-3.3%,8.9%,18.4%
1231,Newton Resources Ltd,Industrials,Trading Companies & Distributors,Capital Goods,346.5 M,2022,-8.9%,-8.7%,-8.9%,-7.4%,-5.9%,-1.3%,3.1%,2.8%,2.6%,-3.9%,-9.1%,-8.9%,-8.6%
661,China Daye Non-Ferrous Metals Mining Limited,Materials,Metals & Mining,Materials,161.9 M,2022,7.2%,8.5%,10.1%,12.9%,17.2%,14.5%,12.1%,8.6%,5.7%,6.0%,6.3%,2.5%,-1.4%
6830,Huazhong In-Vehicle Holdings Company Limited,Consumer Discretionary,Auto Components,Automobiles & Components,558.9 M,2022,3.7%,4.0%,4.4%,7.4%,10.9%,10.3%,9.9%,7.6%,5.6%,6.9%,8.5%,10.3%,12.8%
3939,Wanguo International Mining Group Limited,Materials,Metals & Mining,Materials,208.9 M,2022,16.5%,17.4%,19.8%,19.5%,22.1%,20.1%,19.8%,15.3%,13.0%,11.1%,9.9%,9.5%,9.2%
1258,China Nonferrous Mining Corporation Limited,Materials,Metals & Mining,Materials,1.777 B,2022,20.9%,22.3%,26.9%,26.3%,27.9%,19.1%,11.8%,9.7%,8.3%,11.0%,14.0%,13.5%,13.6%
329,OCI International Holdings Limited,Financials,Capital Markets,Diversified Financials,137.6 M,2022,-42.6%,-36.2%,-28.3%,-13.2%,2.2%,-1.7%,-5.4%,-8.9%,-19.9%,-31.2%,-34.8%,-41.9%,-42.7%
695,Dongwu Cement International Limited,Materials,Construction Materials,Materials,289 M,2022,-0.4%,-3.4%,-0.4%,3.4%,7.0%,0.0%,12.5%,11.2%,9.9%,0.0%,10.3%,12.1%,15.1%
3360,Far East Horizon Limited,Financials,Diversified Financial Services,Diversified Financials,3.75 B,2022,12.6%,12.2%,12.7%,12.4%,12.0%,11.6%,11.4%,10.8%,11.1%,10.6%,10.1%,10.3%,11.2%
3316,Binjiang Service Group Co. Ltd.,Industrials,Commercial Services & Supplies,Commercial & Professional Services,843.3 M,2022,37.7%,35.6%,39.1%,36.7%,36.1%,32.7%,32.6%,30.0%,28.1%,24.8%,24.1%,20.2%,25.4%
1689,Huaxi Holdings Company Limited,Materials,Containers & Packaging,Materials,120.6 M,2022,-2.8%,2.6%,8.0%,14.0%,20.7%,20.9%,22.6%,0.0%,30.4%,27.7%,26.4%,13.1%,11.1%
1115,Tibet Water Resources Ltd.,Consumer Staples,Beverages,"Food, Beverage & Tobacco",214.7 M,2022,0.4%,1.0%,1.7%,1.0%,0.4%,0.5%,0.6%,-15.2%,-26.5%,-25.0%,-24.2%,-7.3%,8.5%
1415,Cowell e Holdings Inc.,Information Technology,"Electronic Equipment, Instruments & Components",Technology Hardware & Equipment,2.101 B,2022,25.2%,21.4%,19.7%,18.2%,17.8%,15.5%,12.6%,13.5%,14.5%,16.9%,18.2%,13.8%,8.8%
6118,Austar Lifesciences Limited,Healthcare,Life Sciences Tools & Services,"Pharmaceuticals, Biotechnology & Life Sciences",139.7 M,2022,13.4%,24.3%,42.5%,39.5%,38.3%,21.8%,6.5%,4.9%,3.3%,2.5%,1.7%,1.6%,1.7%
1551,"Guangzhou Rural Commercial Bank Co., Ltd.",Financials,Banks,Banks,3.603 B,2022,3.0%,3.5%,4.0%,5.5%,7.6%,7.5%,7.5%,9.1%,11.1%,12.1%,13.5%,12.9%,13.1%
1583,Qinqin Foodstuffs Group (Cayman) Company Limited,Consumer Staples,Food Products,"Food, Beverage & Tobacco",134.7 M,2022,-0.1%,-2.8%,-5.2%,-5.7%,-6.2%,-4.7%,-3.2%,-0.9%,1.4%,4.7%,8.6%,7.8%,8.1%
2278,Hailan Holdings Limited,Real Estate,Real Estate Management & Development,Real Estate,122.3 M,2022,-3.9%,-1.4%,1.0%,2.8%,4.0%,3.9%,3.8%,2.8%,1.6%,0.3%,-1.0%,0.9%,2.8%
6885,Henan Jinma Energy Company Limited,Materials,Metals & Mining,Materials,196.4 M,2022,13.9%,13.0%,13.9%,14.4%,15.9%,17.7%,20.4%,18.5%,17.4%,17.6%,19.0%,21.0%,23.9%
2337,United Strength Power Holdings Limited,Consumer Discretionary,Specialty Retail,Retailing,290.1 M,2022,18.0%,32.1%,53.1%,54.5%,61.4%,51.1%,49.8%,58.8%,66.4%,60.1%,55.4%,36.9%,19.5%
1916,"Jiangxi Bank Co., Ltd.",Financials,Banks,Banks,782.8 M,2022,5.1%,5.2%,5.4%,5.3%,5.4%,5.3%,5.3%,5.1%,4.8%,5.4%,6.2%,7.3%,8.8%
797,7Road Holdings Limited,Communication Services,Entertainment,Media,834.8 M,2022,17.9%,11.7%,6.0%,5.6%,5.9%,6.0%,6.2%,5.7%,6.0%,3.5%,0.9%,-9.5%,-25.9%
1735,Central Holding Group Co. Ltd.,Industrials,Construction & Engineering,Capital Goods,2.298 B,2022,44.8%,38.7%,31.7%,0.0%,-6.3%,-13.1%,-4.0%,-10.5%,-12.6%,-9.4%,-6.0%,-0.4%,6.8%
1725,Hong Kong Aerospace Technology Group Limited,Information Technology,"Electronic Equipment, Instruments & Components",Technology Hardware & Equipment,461.3 M,2022,-32.0%,-24.9%,-16.5%,-6.3%,5.2%,6.2%,7.1%,5.2%,3.5%,7.2%,11.4%,10.4%,12.7%
1180,Paradise Entertainment Limited,Consumer Discretionary,"Hotels, Restaurants & Leisure",Consumer Services,119.3 M,2022,-56.9%,-44.4%,-26.7%,-29.0%,-25.4%,-36.6%,-41.1%,-34.4%,-25.1%,-12.4%,0.2%,4.7%,9.3%
3737,Zhongzhi Pharmaceutical Holdings Limited,Healthcare,Pharmaceuticals,"Pharmaceuticals, Biotechnology & Life Sciences",113.3 M,2022,11.2%,8.9%,6.7%,6.2%,6.1%,10.8%,15.8%,16.1%,17.5%,16.8%,16.6%,15.7%,15.6%
533,Goldlion Holdings Limited,Consumer Discretionary,Specialty Retail,Retailing,157.1 M,2022,3.4%,4.2%,5.0%,5.0%,4.9%,4.3%,4.0%,3.7%,3.4%,4.0%,4.8%,6.1%,7.3%
716,Singamas Container Holdings Limited,Industrials,Machinery,Capital Goods,191.2 M,2022,7.3%,16.7%,28.5%,30.3%,31.8%,21.8%,13.3%,7.1%,0.9%,-5.9%,-12.2%,-16.5%,-18.6%
201,Magnificent Hotel Investments Limited,Consumer Discretionary,"Hotels, Restaurants & Leisure",Consumer Services,129.9 M,2022,14.8%,9.4%,4.3%,3.0%,1.7%,0.4%,-1.1%,-3.2%,-5.2%,-4.9%,-4.6%,-1.9%,0.8%
655,Hongkong Chinese Limited,Real Estate,Real Estate Management & Development,Real Estate,129.8 M,2022,7.5%,7.0%,6.2%,0.0%,-5.3%,-0.6%,-12.0%,3.2%,2.5%,0.6%,-1.2%,0.3%,2.0%
733,Hopefluent Group Holdings Limited,Real Estate,Real Estate Management & Development,Real Estate,178.6 M,2022,-36.3%,-27.4%,-17.0%,-6.2%,4.2%,4.8%,5.5%,0.0%,7.5%,7.7%,8.1%,0.0%,8.5%
2343,Pacific Basin Shipping Limited,Industrials,Marine,Transportation,2.151 B,2022,37.5%,49.5%,70.4%,61.1%,58.3%,35.2%,15.3%,-1.5%,-17.8%,-17.7%,-18.0%,-7.9%,2.0%
93,Termbray Industries International (Holdings) Limited,Real Estate,Real Estate Management & Development,Real Estate,180.1 M,2022,2.1%,2.1%,2.1%,2.7%,-1.2%,-2.1%,6.6%,-2.6%,-2.4%,-2.3%,-2.1%,-1.2%,-0.4%
258,Tomson Group Limited,Real Estate,Real Estate Management & Development,Real Estate,421.8 M,2022,1.4%,1.8%,2.1%,2.2%,2.4%,1.9%,1.4%,1.2%,1.0%,1.2%,1.4%,1.6%,1.9%
408,Yip's Chemical Holdings Limited,Materials,Chemicals,Materials,273.7 M,2022,5.9%,0.0%,5.9%,8.6%,11.3%,13.2%,16.7%,13.0%,9.5%,8.6%,8.5%,9.0%,9.4%
769,China Rare Earth Holdings Limited,Materials,Metals & Mining,Materials,134.2 M,2022,0.8%,0.8%,0.9%,0.8%,0.9%,0.8%,0.7%,1.0%,1.4%,1.4%,1.5%,1.1%,0.7%
551,Yue Yuen Industrial (Holdings) Limited,Consumer Discretionary,"Textiles, Apparel & Luxury Goods",Consumer Durables & Apparel,2.264 B,2022,7.2%,6.9%,2.9%,3.0%,2.9%,4.1%,5.5%,1.3%,-2.3%,-2.1%,-0.1%,4.1%,7.3%
618,Peking University Resources (Holdings) Company Limited,Real Estate,Real Estate Management & Development,Real Estate,132.6 M,2022,-,NA,NA,NA,NA,NA,NM,NM,"-2,877.1%","-3,575.7%",-223.5%,-201.7%,-172.4%
412,Shandong Hi-Speed Holdings Group Limited,Financials,Diversified Financial Services,Diversified Financials,3.811 B,2022,-4.0%,-3.7%,-3.5%,-2.3%,-1.1%,-2.0%,-2.9%,-4.2%,-8.3%,-20.2%,-26.4%,0.0%,13.9%
8227,"Xi'an Haitian Antenna Technologies Co., Ltd.",Information Technology,Communications Equipment,Technology Hardware & Equipment,106.4 M,2022,-182.6%,-120.9%,-96.6%,-73.1%,-66.0%,-61.8%,-58.1%,-89.0%,-50.6%,-61.1%,-60.2%,-83.2%,NA
120,Cosmopolitan International Holdings Limited,Real Estate,Real Estate Management & Development,Real Estate,1.649 B,2022,7.9%,5.1%,2.2%,-0.3%,-2.7%,-5.3%,-9.2%,-11.7%,-12.7%,-12.0%,-13.0%,-10.1%,-6.6%
1098,Road King Infrastructure Limited,Real Estate,Real Estate Management & Development,Real Estate,304.5 M,2022,-1.8%,0.5%,2.8%,3.2%,3.6%,4.6%,6.0%,6.2%,6.4%,8.0%,10.9%,11.8%,12.7%
10,Hang Lung Group Limited,Real Estate,Real Estate Management & Development,Real Estate,2.39 B,2022,2.9%,2.8%,2.7%,2.7%,2.8%,2.2%,1.7%,0.0%,-1.7%,0.0%,1.7%,4.7%,7.7%
2038,FIH Mobile Limited,Information Technology,"Electronic Equipment, Instruments & Components",Technology Hardware & Equipment,877.9 M,2022,-3.7%,-0.3%,3.0%,2.9%,2.7%,-1.1%,-5.2%,-7.0%,-8.3%,0.0%,-2.5%,-2.1%,-1.5%
1126,Dream International Limited,Consumer Discretionary,Leisure Products,Consumer Durables & Apparel,365.6 M,2022,23.4%,17.6%,13.1%,10.2%,7.4%,8.1%,9.4%,10.2%,11.0%,14.7%,20.5%,21.4%,22.6%
580,Sun.King Technology Group Limited,Industrials,Electrical Equipment,Capital Goods,378 M,2022,1.3%,1.2%,1.1%,1.0%,0.9%,2.6%,4.4%,7.4%,10.3%,10.2%,10.5%,11.1%,12.1%
853,MicroPort Scientific Corporation,Healthcare,Healthcare Equipment & Supplies,Healthcare Equipment & Services,4.703 B,2022,-28.4%,-24.4%,-21.1%,-18.8%,-20.6%,-19.4%,-23.2%,-16.8%,-15.0%,-3.4%,9.6%,11.6%,14.5%
1091,South Manganese Investment Limited,Materials,Metals & Mining,Materials,231.5 M,2022,30.2%,22.9%,16.6%,1.0%,-15.3%,-15.9%,-16.5%,-13.8%,-10.1%,-8.5%,-6.9%,2.2%,10.9%
1719,China Infrastructure & Logistics Group Ltd.,Industrials,Transportation Infrastructure,Transportation,219.8 M,2022,4.7%,3.7%,4.7%,3.7%,2.7%,4.0%,5.7%,4.8%,3.8%,2.9%,2.1%,3.7%,5.2%
337,Greenland Hong Kong Holdings Limited,Real Estate,Real Estate Management & Development,Real Estate,236.4 M,2022,5.8%,10.5%,15.2%,18.4%,22.3%,20.6%,18.3%,23.8%,33.8%,32.6%,28.6%,17.2%,19.4%
3989,Capital Environment Holdings Limited,Industrials,Commercial Services & Supplies,Commercial & Professional Services,264.1 M,2022,-23.2%,-8.2%,7.9%,9.3%,9.8%,9.9%,12.7%,12.0%,10.1%,8.5%,8.9%,8.7%,8.7%
1383,LET Group Holdings Limited,Consumer Discretionary,"Hotels, Restaurants & Leisure",Consumer Services,160.8 M,2022,-32.8%,-26.4%,-19.4%,0.0%,54.8%,57.0%,62.8%,27.4%,NM,NM,NM,NM,NM
78,Regal Hotels International Holdings Limited,Consumer Discretionary,"Hotels, Restaurants & Leisure",Consumer Services,360.7 M,2022,-1.4%,-2.9%,-4.3%,-3.7%,-2.9%,-4.9%,-6.8%,-6.5%,-6.0%,-1.8%,2.3%,2.9%,3.5%
1543,"Guangdong Join-Share Financing Guarantee Investment Co., Ltd.",Financials,Consumer Finance,Diversified Financials,355.9 M,2022,2.9%,3.5%,3.9%,4.3%,4.8%,5.0%,5.1%,5.6%,6.3%,6.4%,6.5%,6.5%,6.7%
1548,Genscript Biotech Corporation,Healthcare,Life Sciences Tools & Services,"Pharmaceuticals, Biotechnology & Life Sciences",4.982 B,2022,-43.9%,-41.6%,-39.1%,-29.8%,-18.7%,-19.9%,-31.9%,-30.2%,-26.1%,-20.0%,-22.5%,-13.8%,-4.6%
2302,CNNC International Limited,Industrials,Trading Companies & Distributors,Capital Goods,115.9 M,2022,6.0%,3.1%,0.2%,0.0%,-14.2%,-14.8%,-14.3%,-42.2%,-49.8%,-49.1%,-48.7%,-22.0%,3.6%
1205,CITIC Resources Holdings Limited,Industrials,Trading Companies & Distributors,Capital Goods,430.4 M,2022,23.1%,19.7%,17.3%,12.5%,8.4%,1.1%,-6.0%,-4.6%,-3.3%,3.5%,9.7%,10.8%,12.0%
1168,Sinolink Worldwide Holdings Limited,Real Estate,Real Estate Management & Development,Real Estate,134 M,2022,-2.0%,1.7%,5.1%,3.8%,2.7%,-0.5%,-3.7%,-5.0%,-6.8%,-7.2%,-7.6%,-6.2%,-4.7%
108,GR Properties Limited,Real Estate,Real Estate Management & Development,Real Estate,387.2 M,2022,2.5%,2.3%,2.0%,0.8%,0.4%,0.4%,0.4%,1.7%,3.2%,3.1%,2.9%,1.7%,0.8%
563,Shanghai Industrial Urban Development Group Limited,Real Estate,Real Estate Management & Development,Real Estate,317.4 M,2022,2.7%,3.5%,4.5%,4.2%,3.9%,3.4%,3.1%,3.5%,3.8%,3.5%,3.4%,4.0%,4.6%
158,Melbourne Enterprises Limited,Real Estate,Real Estate Management & Development,Real Estate,388.9 M,2022,-1.7%,0.4%,2.4%,1.6%,0.9%,-0.5%,-1.8%,-8.5%,-13.9%,-17.3%,-19.7%,-13.0%,-5.8%
340,Tongguan Gold Group Limited,Materials,Metals & Mining,Materials,172.9 M,2022,5.1%,6.1%,7.2%,5.4%,3.7%,1.7%,-0.4%,-0.8%,-1.2%,-1.2%,-1.2%,-2.2%,-3.3%
662,Asia Financial Holdings Limited,Financials,Insurance,Insurance,386.3 M,2022,3.6%,5.1%,6.2%,6.4%,7.1%,5.3%,3.2%,2.2%,1.4%,2.9%,4.2%,4.1%,4.2%
50,Hong Kong Ferry (Holdings) Company Limited,Real Estate,Real Estate Management & Development,Real Estate,331.3 M,2022,19.6%,10.7%,1.9%,1.9%,2.0%,1.6%,1.3%,0.9%,0.4%,0.8%,1.1%,1.7%,2.2%
346,Yanchang Petroleum International Limited,Energy,"Oil, Gas & Consumable Fuels",Energy,126.1 M,2022,41.6%,41.4%,41.4%,-21.6%,-72.5%,-76.2%,-97.3%,-77.1%,-34.8%,-34.0%,-38.1%,-20.0%,-1.7%
431,Greater China Financial Holdings Limited,Financials,Consumer Finance,Diversified Financials,129.8 M,2022,-110.4%,-116.1%,-81.5%,-93.2%,-97.7%,-111.9%,-83.9%,-84.8%,-75.9%,-60.8%,-37.0%,-22.3%,-6.4%
228,China Energy Development Holdings Limited,Energy,"Oil, Gas & Consumable Fuels",Energy,124.7 M,2022,8.1%,6.3%,8.1%,7.7%,7.4%,5.6%,4.1%,1.6%,-0.9%,-2.8%,-4.8%,-4.8%,-4.6%
251,S E A Holdings Limited,Real Estate,Real Estate Management & Development,Real Estate,145.7 M,2022,-1.1%,0.1%,1.2%,2.0%,2.7%,2.6%,2.4%,2.3%,2.2%,2.5%,2.8%,2.5%,2.2%
535,Gemdale Properties and Investment Corporation Limited,Real Estate,Real Estate Management & Development,Real Estate,1.1 B,2022,20.1%,20.1%,19.8%,19.3%,22.2%,23.7%,25.7%,25.4%,30.1%,28.5%,28.3%,24.6%,24.4%
2878,Solomon Systech (International) Limited,Information Technology,Semiconductors & Semiconductor Equipment,Semiconductors & Semiconductor Equipment,158.9 M,2022,28.4%,32.0%,39.2%,32.9%,31.7%,27.8%,28.2%,23.3%,20.4%,-1.4%,-21.4%,-32.6%,-42.0%
1708,Nanjing Sample Technology Company Limited,Information Technology,"Electronic Equipment, Instruments & Components",Technology Hardware & Equipment,423.8 M,2022,-3.7%,-3.4%,-3.2%,-5.5%,-7.4%,-7.2%,-7.1%,-2.9%,1.2%,3.2%,5.3%,7.4%,9.5%
240,Build King Holdings Limited,Industrials,Construction & Engineering,Capital Goods,159.8 M,2022,22.5%,20.2%,19.9%,18.4%,17.6%,20.1%,25.8%,28.0%,32.0%,28.4%,28.8%,26.9%,28.0%
1184,S.A.S. Dragon Holdings Limited,Information Technology,"Electronic Equipment, Instruments & Components",Technology Hardware & Equipment,274.3 M,2022,25.1%,27.8%,33.6%,29.9%,28.4%,20.9%,15.1%,15.1%,15.5%,14.7%,15.0%,16.1%,17.5%
560,Chu Kong Shipping Enterprises (Group) Company Limited,Industrials,Marine,Transportation,138.5 M,2022,2.3%,2.6%,2.3%,1.8%,1.4%,1.6%,1.8%,1.7%,1.5%,2.6%,3.7%,5.3%,6.9%
393,Glorious Sun Enterprises Limited,Consumer Discretionary,Specialty Retail,Retailing,151.8 M,2022,0.6%,1.0%,1.5%,2.6%,3.6%,3.6%,3.5%,3.6%,3.7%,4.0%,4.4%,3.2%,2.0%
97,Henderson Investment Limited,Consumer Discretionary,Multiline Retail,Retailing,108.7 M,2022,0.4%,1.3%,2.1%,2.3%,2.5%,5.4%,8.2%,8.9%,9.6%,8.2%,6.8%,5.8%,4.6%
809,Global Bio-chem Technology Group Company Limited,Consumer Staples,Food Products,"Food, Beverage & Tobacco",147.5 M,2022,-,NM,NM,NM,NM,NM,NM,NM,NM,NM,NM,NM,NM
99,Wong's International Holdings Limited,Information Technology,"Electronic Equipment, Instruments & Components",Technology Hardware & Equipment,114 M,2022,3.6%,3.0%,3.6%,2.8%,2.0%,-0.4%,-2.8%,-10.1%,-16.3%,-14.5%,-12.7%,-3.5%,5.4%
31,China Aerospace International Holdings Limited,Information Technology,"Electronic Equipment, Instruments & Components",Technology Hardware & Equipment,169 M,2022,0.2%,-0.7%,0.2%,2.2%,4.2%,0.0%,5.7%,4.4%,3.2%,0.0%,4.2%,4.6%,5.0%
2383,TOM Group Limited,Communication Services,Media,Media,327.5 M,2022,-,NM,NM,NM,NM,NM,NM,NM,NM,NM,NM,NM,NM
169,Wanda Hotel Development Company Limited,Real Estate,Real Estate Management & Development,Real Estate,161.6 M,2022,8.6%,9.2%,10.1%,8.3%,7.3%,4.4%,1.5%,0.0%,-15.8%,-14.7%,-13.5%,0.0%,-3.7%
255,Lung Kee (Bermuda) Holdings Limited,Industrials,Machinery,Capital Goods,200.4 M,2022,7.4%,4.1%,7.4%,9.0%,10.0%,9.9%,10.3%,9.4%,8.3%,7.5%,6.9%,7.0%,7.0%
719,Shandong Xinhua Pharmaceutical Company Limited,Healthcare,Pharmaceuticals,"Pharmaceuticals, Biotechnology & Life Sciences",1.749 B,2022,9.7%,9.7%,9.5%,9.9%,10.4%,11.2%,11.1%,10.6%,10.5%,10.2%,11.1%,10.7%,10.6%
226,Lippo Limited,Consumer Staples,Food & Staples Retailing,Food & Staples Retailing,141.4 M,2022,3.9%,4.6%,5.1%,0.0%,-7.7%,-3.9%,-11.0%,0.7%,1.5%,-0.6%,-2.5%,-2.8%,-3.3%
775,"CK Life Sciences Int'l., (Holdings) Inc.",Healthcare,Biotechnology,"Pharmaceuticals, Biotechnology & Life Sciences",930.5 M,2022,3.0%,3.0%,2.8%,3.2%,3.5%,3.3%,3.1%,3.0%,2.8%,2.5%,2.4%,3.4%,4.3%
568,Shandong Molong Petroleum Machinery Company Limited,Energy,Energy Equipment & Services,Energy,390.4 M,2022,-37.5%,-32.0%,-21.6%,-23.0%,10.9%,4.4%,-0.2%,1.8%,-24.0%,-18.0%,-15.3%,-10.6%,-1.0%
360,New Focus Auto Tech Holdings Limited,Consumer Discretionary,Auto Components,Automobiles & Components,100.9 M,2022,-43.6%,-47.9%,-45.0%,0.0%,-30.2%,-93.2%,-86.4%,-93.2%,-80.8%,-52.6%,-17.8%,0.0%,4.0%
201,Magnificent Hotel Investments Limited,Consumer Discretionary,"Hotels, Restaurants & Leisure",Consumer Services,129.9 M,2022,14.8%,9.4%,4.3%,3.0%,1.7%,0.4%,-1.1%,-3.2%,-5.2%,-4.9%,-4.6%,-1.9%,0.8%
184,Keck Seng Investments (Hong Kong) Limited,Consumer Discretionary,"Hotels, Restaurants & Leisure",Consumer Services,125.7 M,2022,-2.8%,-0.1%,-2.8%,-4.7%,-6.5%,-11.9%,-16.0%,-16.6%,-16.5%,-11.5%,-6.0%,-2.9%,0.1%
62,Transport International Holdings Limited,Industrials,Road & Rail,Transportation,640.1 M,2022,1.1%,1.0%,1.0%,1.4%,1.8%,8.3%,16.5%,16.2%,15.8%,8.9%,2.4%,4.0%,5.7%
85,China Electronics Huada Technology Company Limited,Information Technology,Semiconductors & Semiconductor Equipment,Semiconductors & Semiconductor Equipment,395.6 M,2022,21.3%,15.6%,10.7%,-38.4%,-64.3%,-64.1%,-64.8%,-27.6%,7.5%,7.6%,7.8%,6.6%,5.5%
990,Theme International Holdings Limited,Industrials,Trading Companies & Distributors,Capital Goods,1.459 B,2022,29.6%,28.7%,38.7%,37.8%,43.1%,31.7%,30.8%,21.5%,14.3%,13.1%,15.3%,13.6%,12.7%
6836,Tianyun International Holdings Limited,Consumer Staples,Food Products,"Food, Beverage & Tobacco",187.6 M,2022,11.0%,5.5%,-0.1%,1.5%,3.2%,8.9%,15.6%,15.5%,17.0%,18.3%,20.4%,19.2%,19.9%
2399,China Anchu Energy Storage Group Limited,Consumer Discretionary,"Textiles, Apparel & Luxury Goods",Consumer Durables & Apparel,146.5 M,2022,-21.0%,-29.3%,-35.2%,0.0%,-72.9%,-73.1%,-67.4%,-53.6%,-27.3%,-26.5%,-24.3%,0.0%,-6.0%
1680,Macau Legend Development Limited,Consumer Discretionary,"Hotels, Restaurants & Leisure",Consumer Services,240.9 M,2022,-22.8%,-25.2%,-24.2%,-33.4%,-35.8%,-34.6%,-30.1%,-19.9%,-8.8%,-5.7%,-2.5%,-7.8%,-12.3%
1970,"IMAX China Holding, Inc.",Communication Services,Entertainment,Media,354.1 M,2022,4.4%,6.3%,8.2%,12.0%,15.7%,13.6%,12.0%,0.2%,-10.9%,-8.8%,-7.1%,5.8%,16.7%
6118,Austar Lifesciences Limited,Healthcare,Life Sciences Tools & Services,"Pharmaceuticals, Biotechnology & Life Sciences",139.7 M,2022,13.4%,24.3%,42.5%,39.5%,38.3%,21.8%,6.5%,4.9%,3.3%,2.5%,1.7%,1.6%,1.7%
1551,"Guangzhou Rural Commercial Bank Co., Ltd.",Financials,Banks,Banks,3.603 B,2022,3.0%,3.5%,4.0%,5.5%,7.6%,7.5%,7.5%,9.1%,11.1%,12.1%,13.5%,12.9%,13.1%
1216,"Zhongyuan Bank Co., Ltd.",Financials,Banks,Banks,2.933 B,2022,4.9%,4.7%,5.1%,6.0%,5.8%,5.7%,5.8%,5.7%,5.1%,5.2%,5.7%,5.5%,6.3%
1583,Qinqin Foodstuffs Group (Cayman) Company Limited,Consumer Staples,Food Products,"Food, Beverage & Tobacco",134.7 M,2022,-0.1%,-2.8%,-5.2%,-5.7%,-6.2%,-4.7%,-3.2%,-0.9%,1.4%,4.7%,8.6%,7.8%,8.1%
2136,Lifestyle China Group Limited,Consumer Discretionary,Multiline Retail,Retailing,223.9 M,2022,-0.3%,-0.1%,0.0%,0.8%,1.5%,2.3%,3.1%,2.7%,2.3%,0.2%,-1.9%,-1.4%,-0.9%
3737,Zhongzhi Pharmaceutical Holdings Limited,Healthcare,Pharmaceuticals,"Pharmaceuticals, Biotechnology & Life Sciences",113.3 M,2022,11.2%,8.9%,6.7%,6.2%,6.1%,10.8%,15.8%,16.1%,17.5%,16.8%,16.6%,15.7%,15.6%
39,China Beidahuang Industry Group Holdings Limited,Consumer Discretionary,Distributors,Retailing,158 M,2022,-18.3%,-16.6%,-14.2%,-6.8%,0.6%,0.9%,1.2%,-10.7%,-20.3%,-20.6%,-21.7%,-10.9%,-0.2%
34,Kowloon Development Company Limited,Real Estate,Real Estate Management & Development,Real Estate,1.238 B,2022,9.8%,11.1%,12.1%,0.0%,3.1%,2.9%,2.7%,0.0%,2.3%,4.8%,7.4%,10.3%,11.4%
108,GR Properties Limited,Real Estate,Real Estate Management & Development,Real Estate,387.2 M,2022,2.5%,2.3%,2.0%,0.8%,0.4%,0.4%,0.4%,1.7%,3.2%,3.1%,2.9%,1.7%,0.8%
563,Shanghai Industrial Urban Development Group Limited,Real Estate,Real Estate Management & Development,Real Estate,317.4 M,2022,2.7%,3.5%,4.5%,4.2%,3.9%,3.4%,3.1%,3.5%,3.8%,3.5%,3.4%,4.0%,4.6%
340,Tongguan Gold Group Limited,Materials,Metals & Mining,Materials,172.9 M,2022,5.1%,6.1%,7.2%,5.4%,3.7%,1.7%,-0.4%,-0.8%,-1.2%,-1.2%,-1.2%,-2.2%,-3.3%
716,Singamas Container Holdings Limited,Industrials,Machinery,Capital Goods,191.2 M,2022,7.3%,16.7%,28.5%,30.3%,31.8%,21.8%,13.3%,7.1%,0.9%,-5.9%,-12.2%,-16.5%,-18.6%
222,Min Xin Holdings Limited,Financials,Insurance,Insurance,229 M,2022,5.8%,6.0%,6.1%,6.0%,6.5%,6.2%,6.0%,6.5%,7.4%,7.8%,8.3%,8.7%,9.4%
1045,APT Satellite Holdings Limited,Communication Services,Diversified Telecommunication Services,Telecommunication Services,294.5 M,2022,3.8%,4.2%,4.6%,4.5%,4.4%,4.4%,4.6%,4.3%,3.9%,3.7%,3.6%,4.9%,6.3%
655,Hongkong Chinese Limited,Real Estate,Real Estate Management & Development,Real Estate,129.8 M,2022,7.5%,7.0%,6.2%,0.0%,-5.3%,-0.6%,-12.0%,3.2%,2.5%,0.6%,-1.2%,0.3%,2.0%
32,The Cross-Harbour (Holdings) Limited,Consumer Discretionary,Diversified Consumer Services,Consumer Services,509 M,2022,-8.4%,-8.0%,-8.4%,-4.5%,-0.6%,5.7%,11.7%,10.2%,8.8%,7.2%,6.2%,8.1%,10.2%
2798,Perennial Energy Holdings Limited,Materials,Metals & Mining,Materials,236.4 M,2022,35.2%,32.2%,33.6%,25.0%,18.4%,17.7%,19.5%,21.8%,25.3%,21.9%,20.7%,19.3%,19.8%
1901,Feiyang International Holdings Group Limited,Consumer Discretionary,"Hotels, Restaurants & Leisure",Consumer Services,113.1 M,2022,-137.2%,-185.3%,-211.1%,-217.3%,-140.3%,-111.8%,-57.4%,-29.3%,-1.0%,4.1%,12.1%,9.6%,5.4%
1713,"Sichuan Energy Investment Development Co., Ltd.",Utilities,Electric Utilities,Utilities,238.1 M,2022,9.0%,9.1%,9.3%,9.1%,9.3%,9.3%,9.3%,8.4%,7.9%,7.3%,6.7%,6.7%,7.4%
1521,Frontage Holdings Corporation,Healthcare,Life Sciences Tools & Services,"Pharmaceuticals, Biotechnology & Life Sciences",599.3 M,2022,7.1%,6.5%,6.1%,6.6%,7.4%,6.7%,6.2%,5.6%,5.2%,6.2%,12.0%,11.7%,7.2%
355,Century City International Holdings Limited,Consumer Discretionary,"Hotels, Restaurants & Leisure",Consumer Services,118.2 M,2022,-1.2%,-2.4%,-3.5%,-3.3%,-2.9%,-4.2%,-5.6%,-4.3%,-2.8%,-0.8%,1.2%,0.9%,0.7%
1561,Pan Asia Data Holdings Inc.,Materials,Chemicals,Materials,125.2 M,2022,-65.6%,-97.0%,-106.8%,-221.4%,-153.3%,-140.8%,-126.8%,-67.1%,-5.6%,-4.6%,-3.4%,-3.3%,-3.5%
1823,Huayu Expressway Group Limited,Industrials,Construction & Engineering,Capital Goods,100.4 M,2022,8.1%,13.4%,17.5%,23.3%,36.8%,26.3%,14.5%,10.2%,7.5%,10.1%,12.3%,16.2%,38.3%
626,Public Financial Holdings Limited,Financials,Banks,Banks,309.1 M,2022,3.8%,4.5%,5.2%,5.5%,5.9%,5.9%,6.1%,5.4%,4.9%,4.6%,4.4%,5.1%,5.9%
158,Melbourne Enterprises Limited,Real Estate,Real Estate Management & Development,Real Estate,388.9 M,2022,-1.7%,0.4%,2.4%,1.6%,0.9%,-0.5%,-1.8%,-8.5%,-13.9%,-17.3%,-19.7%,-13.0%,-5.8%
1168,Sinolink Worldwide Holdings Limited,Real Estate,Real Estate Management & Development,Real Estate,134 M,2022,-2.0%,1.7%,5.1%,3.8%,2.7%,-0.5%,-3.7%,-5.0%,-6.8%,-7.2%,-7.6%,-6.2%,-4.7%
69,Shangri-La Asia Limited,Consumer Discretionary,"Hotels, Restaurants & Leisure",Consumer Services,3.142 B,2022,-2.9%,-4.9%,-6.8%,-5.9%,-4.9%,-4.4%,-4.1%,-6.0%,-7.5%,-5.8%,-4.1%,-0.8%,2.4%
50,Hong Kong Ferry (Holdings) Company Limited,Real Estate,Real Estate Management & Development,Real Estate,331.3 M,2022,19.6%,10.7%,1.9%,1.9%,2.0%,1.6%,1.3%,0.9%,0.4%,0.8%,1.1%,1.7%,2.2%
1578,"Bank of Tianjin Co., Ltd.",Financials,Banks,Banks,1.415 B,2022,6.1%,5.8%,5.8%,6.9%,8.1%,8.0%,8.3%,8.1%,8.1%,8.6%,9.3%,9.2%,9.5%
169,Wanda Hotel Development Company Limited,Real Estate,Real Estate Management & Development,Real Estate,161.6 M,2022,8.6%,9.2%,10.1%,8.3%,7.3%,4.4%,1.5%,0.0%,-15.8%,-14.7%,-13.5%,0.0%,-3.7%
531,Samson Holding Ltd.,Consumer Discretionary,Household Durables,Consumer Durables & Apparel,102.1 M,2022,4.7%,5.7%,6.8%,7.7%,8.8%,6.9%,5.0%,0.2%,-4.6%,-13.0%,-19.5%,-17.0%,-14.1%
1057,Zhejiang Shibao Company Limited,Consumer Discretionary,Auto Components,Automobiles & Components,658.2 M,2022,1.1%,-0.1%,0.0%,0.7%,2.5%,3.3%,4.3%,4.8%,3.1%,-7.4%,-10.2%,-12.2%,-12.7%
2899,Zijin Mining Group Company Limited,Materials,Metals & Mining,Materials,40.854 B,2022,26.9%,29.7%,27.7%,24.2%,21.1%,17.9%,14.2%,11.6%,12.4%,10.6%,9.7%,9.3%,9.7%
3848,Wealthy Way Group Limited,Financials,Diversified Financial Services,Diversified Financials,120.3 M,2022,5.1%,4.7%,5.1%,5.4%,5.9%,-6.9%,-17.7%,-18.5%,-19.9%,-6.6%,6.2%,6.1%,6.5%
1928,Sands China Ltd.,Consumer Discretionary,"Hotels, Restaurants & Leisure",Consumer Services,27.425 B,2022,-356.3%,-338.9%,-168.7%,-146.3%,-74.4%,-79.4%,-55.4%,-63.2%,-47.8%,-20.0%,8.1%,36.9%,45.9%
1866,China XLX Fertiliser Ltd.,Materials,Chemicals,Materials,735.2 M,2022,26.7%,24.1%,25.3%,20.6%,17.3%,12.4%,7.9%,6.8%,5.8%,6.7%,7.8%,10.5%,14.0%
1029,IRC Limited,Materials,Metals & Mining,Materials,112.9 M,2022,-9.2%,10.0%,29.8%,36.3%,50.7%,38.6%,30.4%,14.1%,-2.7%,-8.2%,-12.9%,3.3%,23.0%
93,Termbray Industries International (Holdings) Limited,Real Estate,Real Estate Management & Development,Real Estate,180.1 M,2022,2.1%,2.1%,2.1%,2.7%,-1.2%,-2.1%,6.6%,-2.6%,-2.4%,-2.3%,-2.1%,-1.2%,-0.4%
898,Multifield International Holdings Limited,Real Estate,Real Estate Management & Development,Real Estate,105.4 M,2022,5.1%,5.2%,5.4%,4.4%,3.5%,2.0%,0.5%,2.4%,4.5%,6.0%,7.4%,9.4%,12.2%
212,Nanyang Holdings Limited,Real Estate,Real Estate Management & Development,Real Estate,119 M,2022,0.2%,0.4%,0.5%,2.0%,3.7%,3.7%,3.8%,2.7%,1.7%,0.5%,-0.7%,0.2%,1.2%
2187,Zhixin Group Holding Limited,Materials,Construction Materials,Materials,414.5 M,2022,2.5%,3.6%,6.7%,14.1%,15.2%,23.9%,37.5%,0.0%,NA,0.0%,NA,NA,NA
3886,Town Health International Medical Group Limited,Healthcare,Healthcare Providers & Services,Healthcare Equipment & Services,280.4 M,2022,-0.2%,0.2%,0.6%,-2.1%,-4.7%,-6.0%,-7.2%,-5.1%,-2.9%,-1.6%,-0.2%,0.1%,0.5%
2231,JY Grandmark Holdings Limited,Real Estate,Real Estate Management & Development,Real Estate,251.7 M,2022,-4.7%,1.3%,7.0%,11.0%,15.7%,16.1%,16.9%,17.4%,29.5%,29.1%,30.7%,33.4%,81.0%
6928,TOMO Holdings Limited,Consumer Discretionary,Auto Components,Automobiles & Components,165.7 M,2022,-3.2%,-1.4%,0.5%,1.3%,2.0%,1.4%,0.7%,2.1%,4.2%,5.2%,9.2%,11.8%,15.0%
1821,ESR Group Limited,Real Estate,Real Estate Management & Development,Real Estate,7.664 B,2022,8.9%,8.4%,7.9%,6.6%,9.0%,9.2%,10.5%,9.4%,8.7%,8.9%,11.7%,10.6%,9.7%
1921,Dalipal Holdings Limited,Energy,Energy Equipment & Services,Energy,421.9 M,2022,11.0%,9.0%,7.4%,6.9%,6.4%,0.7%,-5.0%,-6.9%,-8.4%,2.5%,16.5%,23.2%,29.4%
9936,Ximei Resources Holding Limited,Materials,Metals & Mining,Materials,176.6 M,2022,18.3%,17.3%,17.8%,16.3%,15.9%,14.6%,16.7%,16.0%,13.2%,18.1%,21.7%,0.0%,NA
1961,Infinities Technology International (Cayman) Holding Limited,Communication Services,Entertainment,Media,124.5 M,2022,-69.9%,-64.3%,-49.4%,-31.8%,-11.5%,-6.0%,-0.8%,5.5%,11.1%,20.4%,38.4%,NA,NA
1463,C-Link Squared Limited,Industrials,Professional Services,Commercial & Professional Services,431.1 M,2022,0.5%,1.9%,3.3%,1.2%,-0.9%,-3.4%,-7.9%,0.0%,4.8%,14.3%,31.5%,NA,NA
2096,Simcere Pharmaceutical Group Limited,Healthcare,Pharmaceuticals,"Pharmaceuticals, Biotechnology & Life Sciences",2.942 B,2022,17.2%,21.4%,25.7%,21.7%,27.9%,22.9%,19.7%,20.6%,40.0%,51.2%,67.8%,0.0%,NA
846,Mingfa Group (International) Company Limited,Real Estate,Real Estate Management & Development,Real Estate,291.1 M,2022,5.6%,8.1%,11.1%,10.0%,9.3%,7.9%,6.9%,7.6%,8.6%,7.5%,6.6%,5.3%,4.1%
9600,Newlink Technology Inc.,Information Technology,IT Services,Software & Services,198.4 M,2022,3.4%,2.4%,2.5%,4.2%,5.9%,6.1%,16.7%,17.2%,20.0%,27.4%,17.9%,0.0%,NA
1855,ZONBONG LANDSCAPE Environmental Limited,Industrials,Commercial Services & Supplies,Commercial & Professional Services,316 M,2022,-5.2%,0.0%,5.4%,8.7%,12.8%,13.3%,15.6%,13.3%,11.4%,12.8%,12.3%,0.0%,NA
2169,Canggang Railway Limited,Industrials,Road & Rail,Transportation,328.7 M,2022,8.9%,8.4%,7.7%,8.7%,10.2%,9.8%,9.0%,10.5%,8.6%,0.0%,NA,0.0%,NA
1795,Yadong Group Holdings Limited,Consumer Discretionary,"Textiles, Apparel & Luxury Goods",Consumer Durables & Apparel,203.3 M,2022,16.2%,15.5%,16.1%,18.6%,21.0%,26.1%,17.3%,0.0%,NA,0.0%,NA,NA,NA
2148,"Vesync Co., Ltd",Consumer Discretionary,Household Durables,Consumer Durables & Apparel,505.2 M,2022,8.2%,10.9%,14.5%,18.4%,38.2%,35.3%,39.6%,29.5%,78.7%,78.2%,38.9%,0.0%,NA
2146,"Roiserv Lifestyle Services Co., Ltd.",Real Estate,Real Estate Management & Development,Real Estate,100.6 M,2022,16.8%,18.5%,30.7%,30.9%,33.5%,27.6%,52.0%,42.3%,27.0%,35.4%,29.9%,0.0%,NA
1440,Deyun Holding Ltd.,Consumer Discretionary,"Textiles, Apparel & Luxury Goods",Consumer Durables & Apparel,215.1 M,2022,1.8%,4.1%,7.6%,11.4%,15.9%,16.2%,21.8%,19.7%,17.8%,23.6%,23.3%,0.0%,NA
2257,Sirnaomics Ltd.,Healthcare,Biotechnology,"Pharmaceuticals, Biotechnology & Life Sciences",627.2 M,2022,-125.8%,-246.2%,-201.4%,NA,NA,NA,NA,NA,NA,NA,NA,NA,NA
2285,Chervon Holdings Limited,Consumer Discretionary,Household Durables,Consumer Durables & Apparel,2.243 B,2022,20.2%,22.1%,27.4%,24.3%,33.2%,30.1%,17.1%,0.0%,NA,0.0%,NA,NA,NA
2276,"Shanghai Conant Optical Co., Ltd.",Healthcare,Healthcare Equipment & Supplies,Healthcare Equipment & Services,256.5 M,2022,23.9%,0.0%,21.6%,26.5%,19.6%,0.0%,NA,0.0%,NA,NA,NA,NA,NA
2216,Broncus Holding Corporation,Healthcare,Healthcare Equipment & Supplies,Healthcare Equipment & Services,104.7 M,2022,-185.1%,-196.9%,-194.5%,-128.6%,NA,NM,NA,NA,NA,NA,NA,NA,NA
2207,"Ronshine Service Holding Co., Ltd",Real Estate,Real Estate Management & Development,Real Estate,271.9 M,2022,18.6%,22.6%,30.2%,30.0%,90.6%,82.8%,148.2%,0.0%,NA,0.0%,NA,NA,NA
6913,South China Vocational Education Group Company Limited,Consumer Discretionary,Diversified Consumer Services,Consumer Services,244.7 M,2022,9.6%,11.0%,13.2%,14.9%,19.2%,20.7%,19.3%,0.0%,NA,0.0%,NA,NA,NA
2215,Dexin Services Group Limited,Real Estate,Real Estate Management & Development,Real Estate,333.9 M,2022,22.8%,20.8%,21.6%,24.5%,88.5%,76.1%,128.1%,0.0%,NA,0.0%,NA,NA,NA
9986,Dashan Education Holdings Limited,Consumer Discretionary,Diversified Consumer Services,Consumer Services,318 M,2022,-26.2%,-22.8%,-19.4%,-4.4%,14.9%,7.9%,1.0%,5.0%,24.4%,41.1%,55.7%,0.0%,NA
6968,Ganglong China Property Group Limited,Real Estate,Real Estate Management & Development,Real Estate,107.4 M,2022,13.3%,13.0%,12.8%,14.9%,24.5%,30.4%,38.9%,40.6%,61.0%,74.8%,53.7%,0.0%,NA
9908,"JiaXing Gas Group Co., Ltd.",Utilities,Gas Utilities,Utilities,174.5 M,2022,11.0%,13.0%,15.3%,15.0%,19.7%,17.9%,17.2%,15.9%,20.6%,23.4%,25.5%,0.0%,NA
3390,Tycoon Group Holdings Limited,Healthcare,Healthcare Providers & Services,Healthcare Equipment & Services,547.3 M,2022,5.3%,-0.8%,-6.9%,-7.8%,-8.2%,-14.7%,-30.1%,-24.5%,-12.8%,3.9%,46.1%,0.0%,NA
9677,"Weihai City Commercial Bank Co., Ltd.",Financials,Banks,Banks,2.346 B,2022,7.6%,7.3%,7.2%,6.8%,7.4%,7.1%,7.1%,7.4%,8.3%,0.0%,8.3%,0.0%,NA
1597,China Nature Energy Technology Holdings Limited,Industrials,Electrical Equipment,Capital Goods,111.1 M,2022,4.5%,6.4%,8.4%,11.5%,14.5%,21.6%,16.8%,0.0%,NA,0.0%,NA,NA,NA
6908,HG Semiconductor Limited,Information Technology,Semiconductors & Semiconductor Equipment,Semiconductors & Semiconductor Equipment,131.1 M,2022,-111.9%,-110.6%,-114.4%,-61.9%,-18.0%,-7.9%,2.7%,3.7%,8.8%,10.9%,10.9%,15.7%,15.6%
1745,Lvji Technology Holdings Inc.,Information Technology,Software,Software & Services,127.2 M,2022,-59.4%,-37.9%,-59.4%,-60.8%,-63.8%,-33.0%,-1.7%,-5.3%,-11.2%,-4.0%,3.4%,11.1%,30.0%
1442,Infinity Logistics and Transport Ventures Limited,Industrials,Air Freight & Logistics,Transportation,297.1 M,2022,19.1%,18.3%,19.4%,16.4%,16.2%,15.0%,19.5%,19.2%,19.8%,17.9%,23.5%,25.6%,31.3%
1853,Jilin Province Chuncheng Heating Company Limited,Utilities,Water Utilities,Utilities,115.9 M,2022,6.4%,9.7%,13.7%,18.8%,22.9%,20.9%,16.1%,14.6%,18.8%,6.8%,10.6%,0.0%,0.0%
1084,Green Future Food Hydrocolloid Marine Science Company Limited,Materials,Chemicals,Materials,134.6 M,2022,22.9%,17.5%,13.0%,10.7%,9.1%,9.2%,9.5%,11.2%,16.6%,16.8%,13.3%,0.0%,0.0%
1691,JS Global Lifestyle Company Limited,Consumer Discretionary,Household Durables,Consumer Durables & Apparel,3.46 B,2022,23.1%,24.0%,24.2%,25.2%,32.9%,28.9%,23.8%,16.1%,17.9%,12.1%,6.5%,6.2%,18.6%
3991,Changhong Jiahua Holdings Limited,Information Technology,"Electronic Equipment, Instruments & Components",Technology Hardware & Equipment,193.2 M,2022,16.2%,16.4%,16.6%,15.9%,17.8%,16.9%,16.4%,14.8%,14.8%,14.8%,15.9%,15.9%,17.0%
2448,Space Group Holdings Limited,Industrials,Construction & Engineering,Capital Goods,349.1 M,2022,3.5%,5.2%,6.9%,7.7%,9.9%,9.9%,10.3%,9.0%,9.3%,10.9%,13.1%,14.2%,17.1%
1731,Prosperous Industrial (Holdings) Limited,Consumer Discretionary,"Textiles, Apparel & Luxury Goods",Consumer Durables & Apparel,101.3 M,2022,5.0%,3.9%,2.7%,2.2%,1.6%,1.9%,2.1%,1.2%,0.3%,-0.1%,-0.4%,1.6%,4.0%
1697,"Shandong International Trust Co., Ltd.",Financials,Capital Markets,Diversified Financials,231.5 M,2022,-3.9%,0.3%,4.5%,4.7%,5.0%,5.5%,6.3%,7.4%,8.7%,7.8%,6.9%,7.4%,8.4%
797,7Road Holdings Limited,Communication Services,Entertainment,Media,834.8 M,2022,17.9%,11.7%,6.0%,5.6%,5.9%,6.0%,6.2%,5.7%,6.0%,3.5%,0.9%,-9.5%,-25.9%
1748,Xin Yuan Enterprises Group Limited,Industrials,Marine,Transportation,144.1 M,2022,3.9%,2.6%,1.4%,2.8%,4.3%,5.8%,7.7%,7.3%,7.1%,6.3%,5.9%,5.4%,5.6%
1034,Fullwealth International Group Holdings Limited,Industrials,Construction & Engineering,Capital Goods,201.8 M,2022,49.0%,48.9%,52.3%,20.7%,-12.5%,-33.9%,-49.6%,-39.3%,-26.4%,-11.0%,4.0%,6.1%,8.1%
1978,LH Group Limited,Consumer Discretionary,"Hotels, Restaurants & Leisure",Consumer Services,131.5 M,2022,21.1%,23.9%,22.7%,29.2%,44.7%,44.5%,40.7%,16.5%,-7.6%,-5.4%,-3.3%,8.9%,18.4%
1983,"Luzhou Bank Co., Ltd.",Financials,Banks,Banks,875.9 M,2022,9.6%,7.3%,8.5%,6.9%,6.6%,6.5%,5.5%,7.3%,7.4%,7.6%,9.5%,9.6%,10.2%
1741,Ri Ying Holdings Limited,Industrials,Construction & Engineering,Capital Goods,136.6 M,2022,-118.4%,-61.8%,-4.1%,-9.2%,-11.0%,-21.8%,-34.2%,-14.3%,5.2%,5.4%,5.4%,0.0%,-7.8%
1860,Mobvista Inc.,Communication Services,Media,Media,804.4 M,2022,14.7%,2.6%,-8.3%,-13.6%,-20.3%,-11.1%,-2.0%,4.2%,10.2%,9.1%,8.9%,8.3%,12.1%
1199,COSCO SHIPPING Ports Limited,Industrials,Transportation Infrastructure,Transportation,2.441 B,2022,6.4%,6.3%,6.3%,6.2%,6.6%,6.7%,6.3%,6.6%,6.7%,6.5%,6.9%,6.1%,6.1%
1005,Matrix Holdings Limited,Consumer Discretionary,Leisure Products,Consumer Durables & Apparel,231.2 M,2022,8.3%,6.6%,4.9%,6.0%,7.4%,4.2%,0.9%,-0.3%,-1.6%,5.5%,12.8%,15.8%,19.0%
225,Pokfulam Development Company Limited,Real Estate,Real Estate Management & Development,Real Estate,120.7 M,2022,0.3%,1.4%,2.6%,2.6%,2.5%,1.2%,-0.1%,-0.6%,-1.1%,-0.4%,0.3%,1.4%,2.5%
420,Fountain Set (Holdings) Limited,Consumer Discretionary,"Textiles, Apparel & Luxury Goods",Consumer Durables & Apparel,126.4 M,2022,5.1%,0.9%,5.1%,6.1%,6.9%,6.9%,7.1%,4.8%,2.5%,1.9%,1.3%,2.8%,4.1%
1198,Royale Home Holdings Limited,Consumer Discretionary,Household Durables,Consumer Durables & Apparel,662.1 M,2022,3.7%,3.5%,2.8%,15.4%,35.5%,34.4%,29.5%,13.1%,-4.8%,-0.5%,3.7%,3.4%,3.5%
1596,Hebei Yichen Industrial Group Corporation Limited,Industrials,Machinery,Capital Goods,455.2 M,2022,10.1%,10.4%,11.1%,10.3%,10.2%,11.1%,12.5%,12.0%,11.8%,10.8%,10.4%,9.1%,8.0%
2355,Baoye Group Company Limited,Industrials,Construction & Engineering,Capital Goods,254.7 M,2022,6.5%,6.9%,7.6%,7.8%,8.4%,8.2%,8.3%,8.4%,9.1%,9.5%,9.8%,10.6%,9.2%
827,Ko Yo Chemical (Group) Limited,Materials,Chemicals,Materials,120.6 M,2022,73.9%,67.9%,90.4%,47.0%,10.4%,-75.4%,-194.4%,-300.8%,-147.5%,-180.3%,-179.5%,-153.0%,-77.6%
2348,Dawnrays Pharmaceutical (Holdings) Limited,Healthcare,Pharmaceuticals,"Pharmaceuticals, Biotechnology & Life Sciences",255.9 M,2022,15.5%,15.4%,15.7%,14.6%,14.2%,13.3%,12.8%,12.0%,11.5%,12.1%,12.9%,13.8%,14.9%
2317,Vedan International (Holdings) Limited,Consumer Staples,Food Products,"Food, Beverage & Tobacco",100.9 M,2022,-1.5%,-0.7%,0.1%,1.9%,3.7%,5.3%,7.1%,6.4%,5.7%,4.4%,3.2%,4.3%,5.4%
3330,Lingbao Gold Group Company Ltd.,Materials,Metals & Mining,Materials,135.4 M,2022,11.9%,12.3%,13.2%,9.9%,7.0%,6.5%,6.4%,5.8%,5.2%,-0.9%,-7.0%,-10.2%,-12.6%
471,Silkwave Inc,Communication Services,Media,Media,112.1 M,2022,-36.7%,-38.5%,-38.4%,-90.0%,-85.3%,-84.2%,-76.5%,-49.1%,-15.6%,-13.9%,-11.7%,-10.5%,-8.7%
139,Central Wealth Group Holdings Limited,Financials,Capital Markets,Diversified Financials,119.2 M,2022,-25.8%,-29.4%,-30.9%,-20.3%,-9.5%,-3.6%,2.2%,8.0%,12.4%,13.8%,13.6%,5.4%,-2.1%
1051,G-Resources Group Limited,Financials,Diversified Financial Services,Diversified Financials,113.7 M,2022,-3.5%,0.4%,4.4%,5.5%,6.7%,5.6%,4.8%,3.8%,2.9%,2.9%,3.0%,3.0%,3.0%
1057,Zhejiang Shibao Company Limited,Consumer Discretionary,Auto Components,Automobiles & Components,658.2 M,2022,1.1%,-0.1%,0.0%,0.7%,2.5%,3.3%,4.3%,4.8%,3.1%,-7.4%,-10.2%,-12.2%,-12.7%
2899,Zijin Mining Group Company Limited,Materials,Metals & Mining,Materials,40.854 B,2022,26.9%,29.7%,27.7%,24.2%,21.1%,17.9%,14.2%,11.6%,12.4%,10.6%,9.7%,9.3%,9.7%
3382,Tianjin Port Development Holdings Limited,Industrials,Transportation Infrastructure,Transportation,478.5 M,2022,5.8%,6.3%,6.6%,6.3%,6.4%,5.7%,5.0%,3.8%,2.7%,3.0%,3.2%,2.6%,2.0%
1735,Central Holding Group Co. Ltd.,Industrials,Construction & Engineering,Capital Goods,2.298 B,2022,44.8%,38.7%,31.7%,0.0%,-6.3%,-13.1%,-4.0%,-10.5%,-12.6%,-9.4%,-6.0%,-0.4%,6.8%
1731,Prosperous Industrial (Holdings) Limited,Consumer Discretionary,"Textiles, Apparel & Luxury Goods",Consumer Durables & Apparel,101.3 M,2022,5.0%,3.9%,2.7%,2.2%,1.6%,1.9%,2.1%,1.2%,0.3%,-0.1%,-0.4%,1.6%,4.0%
1748,Xin Yuan Enterprises Group Limited,Industrials,Marine,Transportation,144.1 M,2022,3.9%,2.6%,1.4%,2.8%,4.3%,5.8%,7.7%,7.3%,7.1%,6.3%,5.9%,5.4%,5.6%
1983,"Luzhou Bank Co., Ltd.",Financials,Banks,Banks,875.9 M,2022,9.6%,7.3%,8.5%,6.9%,6.6%,6.5%,5.5%,7.3%,7.4%,7.6%,9.5%,9.6%,10.2%
975,Mongolian Mining Corporation,Materials,Metals & Mining,Materials,382.5 M,2022,6.5%,-0.8%,-8.6%,-7.5%,-6.2%,-2.4%,1.5%,2.4%,3.3%,4.6%,6.1%,8.7%,11.5%
1901,Feiyang International Holdings Group Limited,Consumer Discretionary,"Hotels, Restaurants & Leisure",Consumer Services,113.1 M,2022,-137.2%,-185.3%,-211.1%,-217.3%,-140.3%,-111.8%,-57.4%,-29.3%,-1.0%,4.1%,12.1%,9.6%,5.4%
6199,"Bank of Guizhou Co., Ltd.",Financials,Banks,Banks,3.327 B,2022,9.7%,9.6%,9.9%,10.4%,10.8%,10.5%,10.5%,10.5%,12.0%,11.7%,12.0%,11.4%,12.2%
6928,TOMO Holdings Limited,Consumer Discretionary,Auto Components,Automobiles & Components,165.7 M,2022,-3.2%,-1.4%,0.5%,1.3%,2.0%,1.4%,0.7%,2.1%,4.2%,5.2%,9.2%,11.8%,15.0%
1961,Infinities Technology International (Cayman) Holding Limited,Communication Services,Entertainment,Media,124.5 M,2022,-69.9%,-64.3%,-49.4%,-31.8%,-11.5%,-6.0%,-0.8%,5.5%,11.1%,20.4%,38.4%,NA,NA
3991,Changhong Jiahua Holdings Limited,Information Technology,"Electronic Equipment, Instruments & Components",Technology Hardware & Equipment,193.2 M,2022,16.2%,16.4%,16.6%,15.9%,17.8%,16.9%,16.4%,14.8%,14.8%,14.8%,15.9%,15.9%,17.0%
2231,JY Grandmark Holdings Limited,Real Estate,Real Estate Management & Development,Real Estate,251.7 M,2022,-4.7%,1.3%,7.0%,11.0%,15.7%,16.1%,16.9%,17.4%,29.5%,29.1%,30.7%,33.4%,81.0%
1691,JS Global Lifestyle Company Limited,Consumer Discretionary,Household Durables,Consumer Durables & Apparel,3.46 B,2022,23.1%,24.0%,24.2%,25.2%,32.9%,28.9%,23.8%,16.1%,17.9%,12.1%,6.5%,6.2%,18.6%
1821,ESR Group Limited,Real Estate,Real Estate Management & Development,Real Estate,7.664 B,2022,8.9%,8.4%,7.9%,6.6%,9.0%,9.2%,10.5%,9.4%,8.7%,8.9%,11.7%,10.6%,9.7%
6908,HG Semiconductor Limited,Information Technology,Semiconductors & Semiconductor Equipment,Semiconductors & Semiconductor Equipment,131.1 M,2022,-111.9%,-110.6%,-114.4%,-61.9%,-18.0%,-7.9%,2.7%,3.7%,8.8%,10.9%,10.9%,15.7%,15.6%
1084,Green Future Food Hydrocolloid Marine Science Company Limited,Materials,Chemicals,Materials,134.6 M,2022,22.9%,17.5%,13.0%,10.7%,9.1%,9.2%,9.5%,11.2%,16.6%,16.8%,13.3%,0.0%,0.0%
1967,Confidence Intelligence Holdings Limited,Information Technology,"Electronic Equipment, Instruments & Components",Technology Hardware & Equipment,738.9 M,2022,-1.1%,0.7%,2.5%,3.9%,5.3%,4.7%,4.2%,5.3%,6.4%,10.6%,9.9%,0.0%,NA
2142,HBM Holdings Limited,Healthcare,Biotechnology,"Pharmaceuticals, Biotechnology & Life Sciences",208.2 M,2022,-64.7%,-62.2%,-47.2%,-76.6%,-203.5%,-199.1%,-164.1%,-103.7%,NA,NM,NA,NA,NA
9600,Newlink Technology Inc.,Information Technology,IT Services,Software & Services,198.4 M,2022,3.4%,2.4%,2.5%,4.2%,5.9%,6.1%,16.7%,17.2%,20.0%,27.4%,17.9%,0.0%,NA
846,Mingfa Group (International) Company Limited,Real Estate,Real Estate Management & Development,Real Estate,291.1 M,2022,5.6%,8.1%,11.1%,10.0%,9.3%,7.9%,6.9%,7.6%,8.6%,7.5%,6.6%,5.3%,4.1%
9908,"JiaXing Gas Group Co., Ltd.",Utilities,Gas Utilities,Utilities,174.5 M,2022,11.0%,13.0%,15.3%,15.0%,19.7%,17.9%,17.2%,15.9%,20.6%,23.4%,25.5%,0.0%,NA
2096,Simcere Pharmaceutical Group Limited,Healthcare,Pharmaceuticals,"Pharmaceuticals, Biotechnology & Life Sciences",2.942 B,2022,17.2%,21.4%,25.7%,21.7%,27.9%,22.9%,19.7%,20.6%,40.0%,51.2%,67.8%,0.0%,NA
2169,Canggang Railway Limited,Industrials,Road & Rail,Transportation,328.7 M,2022,8.9%,8.4%,7.7%,8.7%,10.2%,9.8%,9.0%,10.5%,8.6%,0.0%,NA,0.0%,NA
1795,Yadong Group Holdings Limited,Consumer Discretionary,"Textiles, Apparel & Luxury Goods",Consumer Durables & Apparel,203.3 M,2022,16.2%,15.5%,16.1%,18.6%,21.0%,26.1%,17.3%,0.0%,NA,0.0%,NA,NA,NA
9677,"Weihai City Commercial Bank Co., Ltd.",Financials,Banks,Banks,2.346 B,2022,7.6%,7.3%,7.2%,6.8%,7.4%,7.1%,7.1%,7.4%,8.3%,0.0%,8.3%,0.0%,NA
6968,Ganglong China Property Group Limited,Real Estate,Real Estate Management & Development,Real Estate,107.4 M,2022,13.3%,13.0%,12.8%,14.9%,24.5%,30.4%,38.9%,40.6%,61.0%,74.8%,53.7%,0.0%,NA
2146,"Roiserv Lifestyle Services Co., Ltd.",Real Estate,Real Estate Management & Development,Real Estate,100.6 M,2022,16.8%,18.5%,30.7%,30.9%,33.5%,27.6%,52.0%,42.3%,27.0%,35.4%,29.9%,0.0%,NA
2148,"Vesync Co., Ltd",Consumer Discretionary,Household Durables,Consumer Durables & Apparel,505.2 M,2022,8.2%,10.9%,14.5%,18.4%,38.2%,35.3%,39.6%,29.5%,78.7%,78.2%,38.9%,0.0%,NA
1855,ZONBONG LANDSCAPE Environmental Limited,Industrials,Commercial Services & Supplies,Commercial & Professional Services,316 M,2022,-5.2%,0.0%,5.4%,8.7%,12.8%,13.3%,15.6%,13.3%,11.4%,12.8%,12.3%,0.0%,NA
1440,Deyun Holding Ltd.,Consumer Discretionary,"Textiles, Apparel & Luxury Goods",Consumer Durables & Apparel,215.1 M,2022,1.8%,4.1%,7.6%,11.4%,15.9%,16.2%,21.8%,19.7%,17.8%,23.6%,23.3%,0.0%,NA
2216,Broncus Holding Corporation,Healthcare,Healthcare Equipment & Supplies,Healthcare Equipment & Services,104.7 M,2022,-185.1%,-196.9%,-194.5%,-128.6%,NA,NM,NA,NA,NA,NA,NA,NA,NA
2257,Sirnaomics Ltd.,Healthcare,Biotechnology,"Pharmaceuticals, Biotechnology & Life Sciences",627.2 M,2022,-125.8%,-246.2%,-201.4%,NA,NA,NA,NA,NA,NA,NA,NA,NA,NA
2285,Chervon Holdings Limited,Consumer Discretionary,Household Durables,Consumer Durables & Apparel,2.243 B,2022,20.2%,22.1%,27.4%,24.3%,33.2%,30.1%,17.1%,0.0%,NA,0.0%,NA,NA,NA
2215,Dexin Services Group Limited,Real Estate,Real Estate Management & Development,Real Estate,333.9 M,2022,22.8%,20.8%,21.6%,24.5%,88.5%,76.1%,128.1%,0.0%,NA,0.0%,NA,NA,NA
2207,"Ronshine Service Holding Co., Ltd",Real Estate,Real Estate Management & Development,Real Estate,271.9 M,2022,18.6%,22.6%,30.2%,30.0%,90.6%,82.8%,148.2%,0.0%,NA,0.0%,NA,NA,NA
2276,"Shanghai Conant Optical Co., Ltd.",Healthcare,Healthcare Equipment & Supplies,Healthcare Equipment & Services,256.5 M,2022,23.9%,0.0%,21.6%,26.5%,19.6%,0.0%,NA,0.0%,NA,NA,NA,NA,NA
6913,South China Vocational Education Group Company Limited,Consumer Discretionary,Diversified Consumer Services,Consumer Services,244.7 M,2022,9.6%,11.0%,13.2%,14.9%,19.2%,20.7%,19.3%,0.0%,NA,0.0%,NA,NA,NA
2187,Zhixin Group Holding Limited,Materials,Construction Materials,Materials,414.5 M,2022,2.5%,3.6%,6.7%,14.1%,15.2%,23.9%,37.5%,0.0%,NA,0.0%,NA,NA,NA
1370,Aowei Holding Limited,Materials,Metals & Mining,Materials,160.4 M,2022,7.1%,10.6%,15.0%,13.4%,12.1%,3.4%,-5.5%,-12.8%,-18.9%,-13.1%,-7.2%,-1.2%,4.5%
1370_OLD,Aowei Holding Limited,Materials,Metals & Mining,Materials,160.4 M,2022,7.1%,10.6%,15.0%,13.4%,12.1%,3.4%,-5.5%,-12.8%,-18.9%,-13.1%,-7.2%,-1.2%,4.5%
2459,Sanergy Group Limited,Industrials,Electrical Equipment,Capital Goods,222.9 M,2022,8.0%,5.6%,3.3%,0.0%,NA,0.0%,NA,NA,NA,NA,NA,NA,NA
2425,AustAsia Group Ltd.,Consumer Staples,Food Products,"Food, Beverage & Tobacco",312.3 M,2022,2.9%,4.9%,7.0%,11.1%,13.3%,0.0%,NA,0.0%,NA,NA,NA,NA,NA
2237,China Graphite Group Limited,Materials,Metals & Mining,Materials,262.9 M,2022,24.2%,19.2%,21.6%,27.4%,26.4%,0.0%,NA,0.0%,NA,NA,NA,NA,NA
2306,YH Entertainment Group,Communication Services,Entertainment,Media,513.1 M,2022,"1,103.6%",NA,NA,NA,107.7%,NA,NA,NA,NA,NA,NA,NA,NA
2482,"Logory Logistics Technology Co., Ltd.",Industrials,Road & Rail,Transportation,493.6 M,2022,-,NA,NA,9.5%,NA,NA,NA,NA,NA,NA,NA,NA,NA
6610,Flowing Cloud Technology Ltd,Communication Services,Media,Media,650.2 M,2022,-,NA,NA,0.0%,NA,NA,NA,NA,NA,NA,NA,NA,NA
2175,China General Education Group Limited,Consumer Discretionary,Diversified Consumer Services,Consumer Services,200.3 M,-,-,8.9%,NA,NA,NA,0.0%,NA,NA,NA,NA,NA,NA,NA
1777,"Fantasia Holdings Group Co., Limited",Real Estate,Real Estate Management & Development,Real Estate,147.1 M,-,-,7.2%,6.9%,6.5%,6.6%,6.6%,6.5%,6.0%,5.8%,5.8%,5.7%,7.4%,10.2%
30,Ban Loong Holdings Limited,Consumer Staples,Food & Staples Retailing,Food & Staples Retailing,215.7 M,-,-,-4.8%,1.6%,3.6%,5.7%,6.0%,6.3%,6.3%,7.3%,7.0%,6.7%,4.2%,2.6%
680,Nan Hai Corporation Limited,Communication Services,Entertainment,Media,306.1 M,-,-,-68.9%,-60.3%,-56.1%,-45.0%,-29.0%,-10.3%,-2.9%,4.1%,11.4%,18.5%,20.9%,24.1%
2183,Sansheng Holdings (Group) Co. Ltd.,Real Estate,Real Estate Management & Development,Real Estate,248.7 M,-,-,40.7%,65.0%,53.1%,40.5%,26.3%,20.6%,12.0%,2.5%,-4.4%,-15.1%,-13.6%,-11.3%
2341,EcoGreen International Group Limited,Materials,Chemicals,Materials,187.6 M,-,-,14.1%,16.2%,16.0%,16.5%,12.7%,9.6%,9.7%,10.5%,11.2%,12.4%,11.3%,10.7%
1885,China Wood Optimization (Holding) Limited,Materials,Paper & Forest Products,Materials,114.7 M,-,-,-36.3%,6.8%,8.7%,10.4%,10.5%,11.0%,10.9%,10.5%,9.1%,8.2%,8.6%,9.1%
678,Genting Hong Kong Limited,Consumer Discretionary,"Hotels, Restaurants & Leisure",Consumer Services,448.5 M,-,-,-43.5%,-43.8%,-32.9%,-20.6%,-12.3%,-3.6%,-3.3%,-3.1%,-4.1%,-4.9%,-4.6%,-4.0%
2608,Sunshine 100 China Holdings Ltd,Real Estate,Real Estate Management & Development,Real Estate,120.2 M,-,-,2.9%,4.7%,10.3%,17.4%,19.4%,21.7%,10.8%,-0.1%,-0.3%,-0.4%,3.3%,7.3%
708,China Evergrande New Energy Vehicle Group Limited,Healthcare,Healthcare Providers & Services,Healthcare Equipment & Services,4.421 B,-,-,-156.1%,NM,NM,NM,NM,NM,NM,-612.6%,-445.0%,-343.1%,-118.6%,52.8%
1909,Fire Rock Holdings Limited,Communication Services,Entertainment,Media,273.9 M,-,-,52.9%,65.4%,64.6%,85.1%,71.9%,72.0%,42.5%,60.8%,65.0%,57.0%,NA,47.2%
2118,Tian Shan Development (Holding) Limited,Real Estate,Real Estate Management & Development,Real Estate,252.4 M,-,-,-9.1%,-7.3%,-6.4%,-5.3%,-5.0%,-4.6%,6.2%,17.8%,12.7%,7.3%,-0.3%,-8.6%
530,Goldin Financial Holdings Limited,Consumer Staples,Beverages,"Food, Beverage & Tobacco",131.8 M,-,-,-42.6%,-53.5%,-51.8%,-48.1%,-7.8%,30.8%,34.5%,38.3%,22.0%,7.0%,8.0%,9.5%
2296,Huarchi Global Group Holdings Limited,Industrials,Construction & Engineering,Capital Goods,270.1 M,-,-,8.5%,7.5%,11.1%,14.4%,25.2%,20.0%,0.0%,NA,0.0%,NA,NA,NA
2421,KRP Development Holdings Limited,Real Estate,Real Estate Management & Development,Real Estate,102.4 M,-,-,-,-,-,-,-,-,-,-,-,-,-,-
9636,JF Wealth Holdings Ltd,Consumer Discretionary,Diversified Consumer Services,Consumer Services,980.2 M,-,-,-,-,-,-,-,-,-,-,-,-,-,-
7855,TechStar Acquisition Corporation,Financials,Capital Markets,Diversified Financials,159.2 M,-,-,-,-,-,-,-,-,-,-,-,-,-,-
6922,"Cryofocus Medtech (Shanghai) Co., Ltd.",Healthcare,Healthcare Equipment & Supplies,Healthcare Equipment & Services,561.1 M,-,-,NA,NA,NA,NA,NA,NA,NA,NA,NA,NA,NA,NA
9658,Super Hi International Holding Ltd.,Consumer Discretionary,"Hotels, Restaurants & Leisure",Consumer Services,1.537 B,-,-,-,-,-,-,-,-,-,-,-,-,-,-
2297,Rainmed Medical Limited,Healthcare,Healthcare Equipment & Supplies,Healthcare Equipment & Services,169.6 M,-,-,NA,NA,NA,NA,NA,NA,NA,NA,NA,NA,NA,NA
7827,Vision Deal HK Acquisition Corp.,Financials,Capital Markets,Diversified Financials,157.8 M,-,-,-,-,-,-,-,-,-,-,-,-,-,-
1244,3D Medicines Inc.,Healthcare,Biotechnology,"Pharmaceuticals, Biotechnology & Life Sciences",2.251 B,-,-,NA,NA,NA,NA,NA,NA,NA,NA,NA,NA,NA,NA
